netst,stla,stlo,geometry,index_right,NA_L3CODE,NA_L3NAME,NA_L2CODE,NA_L2NAME,NA_L1CODE,NA_L1NAME,NA_L3KEY,NA_L2KEY,NA_L1KEY,Shape_Leng,Shape_Area
CC.SWFL,46.188671,-122.202026,POINT (-122.202026 46.188671),2544,6.2.7,Cascades,6.2,WESTERN CORDILLERA,6,NORTHWESTERN FORESTED MOUNTAINS,6.2.7  Cascades,6.2  WESTERN CORDILLERA,6  NORTHWESTERN FORESTED MOUNTAINS,2397516.34339,44747444404.9
CC.VALT,46.214218,-122.189247,POINT (-122.189247 46.214218),2544,6.2.7,Cascades,6.2,WESTERN CORDILLERA,6,NORTHWESTERN FORESTED MOUNTAINS,6.2.7  Cascades,6.2  WESTERN CORDILLERA,6  NORTHWESTERN FORESTED MOUNTAINS,2397516.34339,44747444404.9
TA.A04A,48.7197,-122.707001,POINT (-122.707001 48.7197),1468,7.1.7,Strait of Georgia/Puget Lowland,7.1,MARINE WEST COAST FOREST,7,MARINE WEST COAST FOREST,7.1.7  Strait of Georgia/Puget Lowland,7.1  MARINE WEST COAST FOREST,7  MARINE WEST COAST FOREST,34637.8826101,23390062.0636
TA.A05A,48.998299,-122.085197,POINT (-122.085197 48.998299),1145,6.2.5,North Cascades,6.2,WESTERN CORDILLERA,6,NORTHWESTERN FORESTED MOUNTAINS,6.2.5  North Cascades,6.2  WESTERN CORDILLERA,6  NORTHWESTERN FORESTED MOUNTAINS,1359680.28228,35164052009.7
TA.A06A,49.098301,-121.4804,POINT (-121.4804 49.098301),1145,6.2.5,North Cascades,6.2,WESTERN CORDILLERA,6,NORTHWESTERN FORESTED MOUNTAINS,6.2.5  North Cascades,6.2  WESTERN CORDILLERA,6  NORTHWESTERN FORESTED MOUNTAINS,1359680.28228,35164052009.7
TA.A10A,48.9813,-117.558601,POINT (-117.558601 48.9813),1141,6.2.3,Columbia Mountains/Northern Rockies,6.2,WESTERN CORDILLERA,6,NORTHWESTERN FORESTED MOUNTAINS,6.2.3  Columbia Mountains/Northern Rockies,6.2  WESTERN CORDILLERA,6  NORTHWESTERN FORESTED MOUNTAINS,4035441.6383,178711089415.0
TA.A12A,48.933899,-115.652603,POINT (-115.652603 48.933899),1141,6.2.3,Columbia Mountains/Northern Rockies,6.2,WESTERN CORDILLERA,6,NORTHWESTERN FORESTED MOUNTAINS,6.2.3  Columbia Mountains/Northern Rockies,6.2  WESTERN CORDILLERA,6  NORTHWESTERN FORESTED MOUNTAINS,4035441.6383,178711089415.0
TA.A13A,48.932999,-114.413498,POINT (-114.413498 48.932999),1142,6.2.4,Canadian Rockies,6.2,WESTERN CORDILLERA,6,NORTHWESTERN FORESTED MOUNTAINS,6.2.4  Canadian Rockies,6.2  WESTERN CORDILLERA,6  NORTHWESTERN FORESTED MOUNTAINS,3553150.36602,104576364956.0
TA.B04A,48.057499,-123.503998,POINT (-123.503998 48.057499),1515,7.1.8,Coast Range,7.1,MARINE WEST COAST FOREST,7,MARINE WEST COAST FOREST,7.1.8  Coast Range,7.1  MARINE WEST COAST FOREST,7  MARINE WEST COAST FOREST,4695300.85742,52253838739.3
TA.B05A,48.264099,-122.096001,POINT (-122.096001 48.264099),1492,7.1.7,Strait of Georgia/Puget Lowland,7.1,MARINE WEST COAST FOREST,7,MARINE WEST COAST FOREST,7.1.7  Strait of Georgia/Puget Lowland,7.1  MARINE WEST COAST FOREST,7  MARINE WEST COAST FOREST,2131725.94873,14361827609.9
TA.B10A,48.2995,-117.225197,POINT (-117.225197 48.2995),1141,6.2.3,Columbia Mountains/Northern Rockies,6.2,WESTERN CORDILLERA,6,NORTHWESTERN FORESTED MOUNTAINS,6.2.3  Columbia Mountains/Northern Rockies,6.2  WESTERN CORDILLERA,6  NORTHWESTERN FORESTED MOUNTAINS,4035441.6383,178711089415.0
TA.B12A,48.469398,-115.588898,POINT (-115.588898 48.469398),1141,6.2.3,Columbia Mountains/Northern Rockies,6.2,WESTERN CORDILLERA,6,NORTHWESTERN FORESTED MOUNTAINS,6.2.3  Columbia Mountains/Northern Rockies,6.2  WESTERN CORDILLERA,6  NORTHWESTERN FORESTED MOUNTAINS,4035441.6383,178711089415.0
TA.B13A,48.373901,-114.467598,POINT (-114.467598 48.373901),1141,6.2.3,Columbia Mountains/Northern Rockies,6.2,WESTERN CORDILLERA,6,NORTHWESTERN FORESTED MOUNTAINS,6.2.3  Columbia Mountains/Northern Rockies,6.2  WESTERN CORDILLERA,6  NORTHWESTERN FORESTED MOUNTAINS,4035441.6383,178711089415.0
TA.B14A,48.360901,-113.272903,POINT (-113.272903 48.360901),1142,6.2.4,Canadian Rockies,6.2,WESTERN CORDILLERA,6,NORTHWESTERN FORESTED MOUNTAINS,6.2.4  Canadian Rockies,6.2  WESTERN CORDILLERA,6  NORTHWESTERN FORESTED MOUNTAINS,3553150.36602,104576364956.0
TA.B16A,48.4128,-111.707298,POINT (-111.707298 48.4128),2412,9.3.1,Northwestern Glaciated Plains,9.3,WEST-CENTRAL SEMIARID PRAIRIES,9,GREAT PLAINS,9.3.1  Northwestern Glaciated Plains,9.3  WEST-CENTRAL SEMIARID PRAIRIES,9  GREAT PLAINS,9021842.55409,404339355895.0
TA.B17A,48.292099,-110.798798,POINT (-110.798798 48.292099),2412,9.3.1,Northwestern Glaciated Plains,9.3,WEST-CENTRAL SEMIARID PRAIRIES,9,GREAT PLAINS,9.3.1  Northwestern Glaciated Plains,9.3  WEST-CENTRAL SEMIARID PRAIRIES,9  GREAT PLAINS,9021842.55409,404339355895.0
TA.C04A,47.717201,-122.971802,POINT (-122.971802 47.717201),1515,7.1.8,Coast Range,7.1,MARINE WEST COAST FOREST,7,MARINE WEST COAST FOREST,7.1.8  Coast Range,7.1  MARINE WEST COAST FOREST,7  MARINE WEST COAST FOREST,4695300.85742,52253838739.3
TA.C05A,47.694698,-121.689499,POINT (-121.689499 47.694698),1145,6.2.5,North Cascades,6.2,WESTERN CORDILLERA,6,NORTHWESTERN FORESTED MOUNTAINS,6.2.5  North Cascades,6.2  WESTERN CORDILLERA,6  NORTHWESTERN FORESTED MOUNTAINS,1359680.28228,35164052009.7
TA.C08A,47.784901,-119.045403,POINT (-119.045403 47.784901),60,10.1.2,Columbia Plateau,10.1,COLD DESERTS,10,NORTH AMERICAN DESERTS,10.1.2  Columbia Plateau,10.1  COLD DESERTS,10  NORTH AMERICAN DESERTS,2889543.18764,81830013715.6
TA.C10A,47.819199,-117.307701,POINT (-117.307701 47.819199),1141,6.2.3,Columbia Mountains/Northern Rockies,6.2,WESTERN CORDILLERA,6,NORTHWESTERN FORESTED MOUNTAINS,6.2.3  Columbia Mountains/Northern Rockies,6.2  WESTERN CORDILLERA,6  NORTHWESTERN FORESTED MOUNTAINS,4035441.6383,178711089415.0
TA.C12B,47.709202,-115.474998,POINT (-115.474998 47.709202),1141,6.2.3,Columbia Mountains/Northern Rockies,6.2,WESTERN CORDILLERA,6,NORTHWESTERN FORESTED MOUNTAINS,6.2.3  Columbia Mountains/Northern Rockies,6.2  WESTERN CORDILLERA,6  NORTHWESTERN FORESTED MOUNTAINS,4035441.6383,178711089415.0
TA.C14A,47.7687,-113.746803,POINT (-113.746803 47.7687),1142,6.2.4,Canadian Rockies,6.2,WESTERN CORDILLERA,6,NORTHWESTERN FORESTED MOUNTAINS,6.2.4  Canadian Rockies,6.2  WESTERN CORDILLERA,6  NORTHWESTERN FORESTED MOUNTAINS,3553150.36602,104576364956.0
TA.D06A,47.193501,-120.844498,POINT (-120.844498 47.193501),1145,6.2.5,North Cascades,6.2,WESTERN CORDILLERA,6,NORTHWESTERN FORESTED MOUNTAINS,6.2.5  North Cascades,6.2  WESTERN CORDILLERA,6  NORTHWESTERN FORESTED MOUNTAINS,1359680.28228,35164052009.7
TA.D15A,47.041801,-112.520401,POINT (-112.520401 47.041801),1124,6.2.10,Middle Rockies,6.2,WESTERN CORDILLERA,6,NORTHWESTERN FORESTED MOUNTAINS,6.2.10  Middle Rockies,6.2  WESTERN CORDILLERA,6  NORTHWESTERN FORESTED MOUNTAINS,3915892.32608,133877982186.0
TA.E04A,46.593399,-122.720398,POINT (-122.720398 46.593399),1492,7.1.7,Strait of Georgia/Puget Lowland,7.1,MARINE WEST COAST FOREST,7,MARINE WEST COAST FOREST,7.1.7  Strait of Georgia/Puget Lowland,7.1  MARINE WEST COAST FOREST,7  MARINE WEST COAST FOREST,2131725.94873,14361827609.9
TA.E07A,46.558498,-119.854797,POINT (-119.854797 46.558498),60,10.1.2,Columbia Plateau,10.1,COLD DESERTS,10,NORTH AMERICAN DESERTS,10.1.2  Columbia Plateau,10.1  COLD DESERTS,10  NORTH AMERICAN DESERTS,2889543.18764,81830013715.6
TA.E10A,46.485001,-117.110199,POINT (-117.110199 46.485001),60,10.1.2,Columbia Plateau,10.1,COLD DESERTS,10,NORTH AMERICAN DESERTS,10.1.2  Columbia Plateau,10.1  COLD DESERTS,10  NORTH AMERICAN DESERTS,2889543.18764,81830013715.6
TA.E13A,46.442299,-114.188004,POINT (-114.188004 46.442299),1124,6.2.10,Middle Rockies,6.2,WESTERN CORDILLERA,6,NORTHWESTERN FORESTED MOUNTAINS,6.2.10  Middle Rockies,6.2  WESTERN CORDILLERA,6  NORTHWESTERN FORESTED MOUNTAINS,3915892.32608,133877982186.0
TA.E14A,46.416199,-113.492599,POINT (-113.492599 46.416199),1124,6.2.10,Middle Rockies,6.2,WESTERN CORDILLERA,6,NORTHWESTERN FORESTED MOUNTAINS,6.2.10  Middle Rockies,6.2  WESTERN CORDILLERA,6  NORTHWESTERN FORESTED MOUNTAINS,3915892.32608,133877982186.0
TA.E16A,46.5336,-111.676399,POINT (-111.676399 46.5336),1124,6.2.10,Middle Rockies,6.2,WESTERN CORDILLERA,6,NORTHWESTERN FORESTED MOUNTAINS,6.2.10  Middle Rockies,6.2  WESTERN CORDILLERA,6  NORTHWESTERN FORESTED MOUNTAINS,3915892.32608,133877982186.0
TA.ELFS,40.618301,-120.727898,POINT (-120.727898 40.618301),1131,6.2.12,Sierra Nevada,6.2,WESTERN CORDILLERA,6,NORTHWESTERN FORESTED MOUNTAINS,6.2.12  Sierra Nevada,6.2  WESTERN CORDILLERA,6  NORTHWESTERN FORESTED MOUNTAINS,1731355.29084,52706853090.9
TA.F03A,45.930599,-123.559097,POINT (-123.559097 45.930599),1515,7.1.8,Coast Range,7.1,MARINE WEST COAST FOREST,7,MARINE WEST COAST FOREST,7.1.8  Coast Range,7.1  MARINE WEST COAST FOREST,7  MARINE WEST COAST FOREST,4695300.85742,52253838739.3
TA.F04A,45.932499,-122.419296,POINT (-122.419296 45.932499),2544,6.2.7,Cascades,6.2,WESTERN CORDILLERA,6,NORTHWESTERN FORESTED MOUNTAINS,6.2.7  Cascades,6.2  WESTERN CORDILLERA,6  NORTHWESTERN FORESTED MOUNTAINS,2397516.34339,44747444404.9
TA.F05A,45.8839,-121.458801,POINT (-121.458801 45.8839),2545,6.2.8,Eastern Cascades Slopes and Foothills,6.2,WESTERN CORDILLERA,6,NORTHWESTERN FORESTED MOUNTAINS,6.2.8  Eastern Cascades Slopes and Foothills,6.2  WESTERN CORDILLERA,6  NORTHWESTERN FORESTED MOUNTAINS,2794959.13771,56079036225.5
TA.F06A,45.766399,-120.7817,POINT (-120.7817 45.766399),60,10.1.2,Columbia Plateau,10.1,COLD DESERTS,10,NORTH AMERICAN DESERTS,10.1.2  Columbia Plateau,10.1  COLD DESERTS,10  NORTH AMERICAN DESERTS,2889543.18764,81830013715.6
TA.F07A,45.8951,-119.927803,POINT (-119.927803 45.8951),60,10.1.2,Columbia Plateau,10.1,COLD DESERTS,10,NORTH AMERICAN DESERTS,10.1.2  Columbia Plateau,10.1  COLD DESERTS,10  NORTH AMERICAN DESERTS,2889543.18764,81830013715.6
TA.F11A,45.888302,-116.1549,POINT (-116.1549 45.888302),1139,6.2.15,Idaho Batholith,6.2,WESTERN CORDILLERA,6,NORTHWESTERN FORESTED MOUNTAINS,6.2.15  Idaho Batholith,6.2  WESTERN CORDILLERA,6  NORTHWESTERN FORESTED MOUNTAINS,1829033.88215,60150665488.2
TA.F14A,45.812199,-113.369904,POINT (-113.369904 45.812199),1124,6.2.10,Middle Rockies,6.2,WESTERN CORDILLERA,6,NORTHWESTERN FORESTED MOUNTAINS,6.2.10  Middle Rockies,6.2  WESTERN CORDILLERA,6  NORTHWESTERN FORESTED MOUNTAINS,3915892.32608,133877982186.0
TA.F16A,45.784302,-111.626198,POINT (-111.626198 45.784302),1124,6.2.10,Middle Rockies,6.2,WESTERN CORDILLERA,6,NORTHWESTERN FORESTED MOUNTAINS,6.2.10  Middle Rockies,6.2  WESTERN CORDILLERA,6  NORTHWESTERN FORESTED MOUNTAINS,3915892.32608,133877982186.0
TA.G03A,45.3153,-123.281097,POINT (-123.281097 45.3153),1516,7.1.9,Willamette Valley,7.1,MARINE WEST COAST FOREST,7,MARINE WEST COAST FOREST,7.1.9  Willamette Valley,7.1  MARINE WEST COAST FOREST,7  MARINE WEST COAST FOREST,1128580.42889,14851953389.1
TA.G04A,45.205898,-122.478401,POINT (-122.478401 45.205898),1516,7.1.9,Willamette Valley,7.1,MARINE WEST COAST FOREST,7,MARINE WEST COAST FOREST,7.1.9  Willamette Valley,7.1  MARINE WEST COAST FOREST,7  MARINE WEST COAST FOREST,1128580.42889,14851953389.1
TA.G06A,45.235699,-120.635101,POINT (-120.635101 45.235699),60,10.1.2,Columbia Plateau,10.1,COLD DESERTS,10,NORTH AMERICAN DESERTS,10.1.2  Columbia Plateau,10.1  COLD DESERTS,10  NORTH AMERICAN DESERTS,2889543.18764,81830013715.6
TA.G14A,45.243198,-113.460403,POINT (-113.460403 45.243198),1124,6.2.10,Middle Rockies,6.2,WESTERN CORDILLERA,6,NORTHWESTERN FORESTED MOUNTAINS,6.2.10  Middle Rockies,6.2  WESTERN CORDILLERA,6  NORTHWESTERN FORESTED MOUNTAINS,3915892.32608,133877982186.0
TA.G15A,45.166,-112.488701,POINT (-112.488701 45.166),1124,6.2.10,Middle Rockies,6.2,WESTERN CORDILLERA,6,NORTHWESTERN FORESTED MOUNTAINS,6.2.10  Middle Rockies,6.2  WESTERN CORDILLERA,6  NORTHWESTERN FORESTED MOUNTAINS,3915892.32608,133877982186.0
TA.G17A,45.321201,-110.739799,POINT (-110.739799 45.321201),1124,6.2.10,Middle Rockies,6.2,WESTERN CORDILLERA,6,NORTHWESTERN FORESTED MOUNTAINS,6.2.10  Middle Rockies,6.2  WESTERN CORDILLERA,6  NORTHWESTERN FORESTED MOUNTAINS,3915892.32608,133877982186.0
TA.H02A,44.676399,-123.999702,POINT (-123.999702 44.676399),1515,7.1.8,Coast Range,7.1,MARINE WEST COAST FOREST,7,MARINE WEST COAST FOREST,7.1.8  Coast Range,7.1  MARINE WEST COAST FOREST,7  MARINE WEST COAST FOREST,4695300.85742,52253838739.3
TA.H04A,44.683701,-122.186203,POINT (-122.186203 44.683701),2544,6.2.7,Cascades,6.2,WESTERN CORDILLERA,6,NORTHWESTERN FORESTED MOUNTAINS,6.2.7  Cascades,6.2  WESTERN CORDILLERA,6  NORTHWESTERN FORESTED MOUNTAINS,2397516.34339,44747444404.9
TA.H05A,44.647301,-121.227097,POINT (-121.227097 44.647301),1147,6.2.9,Blue Mountains,6.2,WESTERN CORDILLERA,6,NORTHWESTERN FORESTED MOUNTAINS,6.2.9  Blue Mountains,6.2  WESTERN CORDILLERA,6  NORTHWESTERN FORESTED MOUNTAINS,2071150.30246,70756834089.5
TA.H07A,44.591301,-119.564598,POINT (-119.564598 44.591301),1147,6.2.9,Blue Mountains,6.2,WESTERN CORDILLERA,6,NORTHWESTERN FORESTED MOUNTAINS,6.2.9  Blue Mountains,6.2  WESTERN CORDILLERA,6  NORTHWESTERN FORESTED MOUNTAINS,2071150.30246,70756834089.5
TA.H09A,44.665298,-117.664299,POINT (-117.664299 44.665298),1147,6.2.9,Blue Mountains,6.2,WESTERN CORDILLERA,6,NORTHWESTERN FORESTED MOUNTAINS,6.2.9  Blue Mountains,6.2  WESTERN CORDILLERA,6  NORTHWESTERN FORESTED MOUNTAINS,2071150.30246,70756834089.5
TA.H16A,44.7038,-111.247803,POINT (-111.247803 44.7038),1124,6.2.10,Middle Rockies,6.2,WESTERN CORDILLERA,6,NORTHWESTERN FORESTED MOUNTAINS,6.2.10  Middle Rockies,6.2  WESTERN CORDILLERA,6  NORTHWESTERN FORESTED MOUNTAINS,3915892.32608,133877982186.0
TA.H17A,44.3951,-110.576202,POINT (-110.576202 44.3951),1124,6.2.10,Middle Rockies,6.2,WESTERN CORDILLERA,6,NORTHWESTERN FORESTED MOUNTAINS,6.2.10  Middle Rockies,6.2  WESTERN CORDILLERA,6  NORTHWESTERN FORESTED MOUNTAINS,3915892.32608,133877982186.0
TA.I02A,44.003502,-123.829903,POINT (-123.829903 44.003502),1515,7.1.8,Coast Range,7.1,MARINE WEST COAST FOREST,7,MARINE WEST COAST FOREST,7.1.8  Coast Range,7.1  MARINE WEST COAST FOREST,7  MARINE WEST COAST FOREST,4695300.85742,52253838739.3
TA.I05A,44.162601,-121.267502,POINT (-121.267502 44.162601),1147,6.2.9,Blue Mountains,6.2,WESTERN CORDILLERA,6,NORTHWESTERN FORESTED MOUNTAINS,6.2.9  Blue Mountains,6.2  WESTERN CORDILLERA,6  NORTHWESTERN FORESTED MOUNTAINS,2071150.30246,70756834089.5
TA.I08A,43.9104,-118.569199,POINT (-118.569199 43.9104),61,10.1.3,Northern Basin and Range,10.1,COLD DESERTS,10,NORTH AMERICAN DESERTS,10.1.3  Northern Basin and Range,10.1  COLD DESERTS,10  NORTH AMERICAN DESERTS,4208600.93886,141987909484.0
TA.I15A,43.999699,-112.485001,POINT (-112.485001 43.999699),66,10.1.8,Snake River Plain,10.1,COLD DESERTS,10,NORTH AMERICAN DESERTS,10.1.8  Snake River Plain,10.1  COLD DESERTS,10  NORTH AMERICAN DESERTS,2147854.37051,53527361972.9
TA.I16A,43.875599,-111.486801,POINT (-111.486801 43.875599),66,10.1.8,Snake River Plain,10.1,COLD DESERTS,10,NORTH AMERICAN DESERTS,10.1.8  Snake River Plain,10.1  COLD DESERTS,10  NORTH AMERICAN DESERTS,2147854.37051,53527361972.9
TA.I17A,43.919998,-110.575897,POINT (-110.575897 43.919998),1124,6.2.10,Middle Rockies,6.2,WESTERN CORDILLERA,6,NORTHWESTERN FORESTED MOUNTAINS,6.2.10  Middle Rockies,6.2  WESTERN CORDILLERA,6  NORTHWESTERN FORESTED MOUNTAINS,3915892.32608,133877982186.0
TA.J04A,43.240601,-122.109299,POINT (-122.109299 43.240601),2544,6.2.7,Cascades,6.2,WESTERN CORDILLERA,6,NORTHWESTERN FORESTED MOUNTAINS,6.2.7  Cascades,6.2  WESTERN CORDILLERA,6  NORTHWESTERN FORESTED MOUNTAINS,2397516.34339,44747444404.9
TA.J10A,43.427502,-116.766998,POINT (-116.766998 43.427502),66,10.1.8,Snake River Plain,10.1,COLD DESERTS,10,NORTH AMERICAN DESERTS,10.1.8  Snake River Plain,10.1  COLD DESERTS,10  NORTH AMERICAN DESERTS,2147854.37051,53527361972.9
TA.J16A,43.274101,-111.6119,POINT (-111.6119 43.274101),1124,6.2.10,Middle Rockies,6.2,WESTERN CORDILLERA,6,NORTHWESTERN FORESTED MOUNTAINS,6.2.10  Middle Rockies,6.2  WESTERN CORDILLERA,6  NORTHWESTERN FORESTED MOUNTAINS,3915892.32608,133877982186.0
TA.J17A,43.3629,-110.7118,POINT (-110.7118 43.3629),1124,6.2.10,Middle Rockies,6.2,WESTERN CORDILLERA,6,NORTHWESTERN FORESTED MOUNTAINS,6.2.10  Middle Rockies,6.2  WESTERN CORDILLERA,6  NORTHWESTERN FORESTED MOUNTAINS,3915892.32608,133877982186.0
TA.K04A,42.6133,-121.730698,POINT (-121.730698 42.6133),2545,6.2.8,Eastern Cascades Slopes and Foothills,6.2,WESTERN CORDILLERA,6,NORTHWESTERN FORESTED MOUNTAINS,6.2.8  Eastern Cascades Slopes and Foothills,6.2  WESTERN CORDILLERA,6  NORTHWESTERN FORESTED MOUNTAINS,2794959.13771,56079036225.5
TA.K04D,42.624599,-121.753502,POINT (-121.753502 42.624599),2545,6.2.8,Eastern Cascades Slopes and Foothills,6.2,WESTERN CORDILLERA,6,NORTHWESTERN FORESTED MOUNTAINS,6.2.8  Eastern Cascades Slopes and Foothills,6.2  WESTERN CORDILLERA,6  NORTHWESTERN FORESTED MOUNTAINS,2794959.13771,56079036225.5
TA.K14A,42.5452,-113.176003,POINT (-113.176003 42.5452),61,10.1.3,Northern Basin and Range,10.1,COLD DESERTS,10,NORTH AMERICAN DESERTS,10.1.3  Northern Basin and Range,10.1  COLD DESERTS,10  NORTH AMERICAN DESERTS,4208600.93886,141987909484.0
TA.K15A,42.6852,-112.530502,POINT (-112.530502 42.6852),61,10.1.3,Northern Basin and Range,10.1,COLD DESERTS,10,NORTH AMERICAN DESERTS,10.1.3  Northern Basin and Range,10.1  COLD DESERTS,10  NORTH AMERICAN DESERTS,4208600.93886,141987909484.0
TA.K16A,42.8321,-111.588402,POINT (-111.588402 42.8321),61,10.1.3,Northern Basin and Range,10.1,COLD DESERTS,10,NORTH AMERICAN DESERTS,10.1.3  Northern Basin and Range,10.1  COLD DESERTS,10  NORTH AMERICAN DESERTS,4208600.93886,141987909484.0
TA.L04A,42.174999,-121.890999,POINT (-121.890999 42.174999),2545,6.2.8,Eastern Cascades Slopes and Foothills,6.2,WESTERN CORDILLERA,6,NORTHWESTERN FORESTED MOUNTAINS,6.2.8  Eastern Cascades Slopes and Foothills,6.2  WESTERN CORDILLERA,6  NORTHWESTERN FORESTED MOUNTAINS,2794959.13771,56079036225.5
TA.L09A,42.019199,-117.666702,POINT (-117.666702 42.019199),61,10.1.3,Northern Basin and Range,10.1,COLD DESERTS,10,NORTH AMERICAN DESERTS,10.1.3  Northern Basin and Range,10.1  COLD DESERTS,10  NORTH AMERICAN DESERTS,4208600.93886,141987909484.0
TA.L13A,42.0886,-113.944397,POINT (-113.944397 42.0886),61,10.1.3,Northern Basin and Range,10.1,COLD DESERTS,10,NORTH AMERICAN DESERTS,10.1.3  Northern Basin and Range,10.1  COLD DESERTS,10  NORTH AMERICAN DESERTS,4208600.93886,141987909484.0
TA.L14A,42.034302,-113.239799,POINT (-113.239799 42.034302),61,10.1.3,Northern Basin and Range,10.1,COLD DESERTS,10,NORTH AMERICAN DESERTS,10.1.3  Northern Basin and Range,10.1  COLD DESERTS,10  NORTH AMERICAN DESERTS,4208600.93886,141987909484.0
TA.L15A,42.004101,-112.386002,POINT (-112.386002 42.004101),63,10.1.5,Central Basin and Range,10.1,COLD DESERTS,10,NORTH AMERICAN DESERTS,10.1.5  Central Basin and Range,10.1  COLD DESERTS,10  NORTH AMERICAN DESERTS,4409188.47266,309681003905.0
TA.L16A,42.0149,-111.4319,POINT (-111.4319 42.0149),1134,6.2.13,Wasatch and Uinta Mountains,6.2,WESTERN CORDILLERA,6,NORTHWESTERN FORESTED MOUNTAINS,6.2.13  Wasatch and Uinta Mountains,6.2  WESTERN CORDILLERA,6  NORTHWESTERN FORESTED MOUNTAINS,2717065.54222,44678392571.1
TA.L17A,42.099499,-110.872704,POINT (-110.872704 42.099499),62,10.1.4,Wyoming Basin,10.1,COLD DESERTS,10,NORTH AMERICAN DESERTS,10.1.4  Wyoming Basin,10.1  COLD DESERTS,10  NORTH AMERICAN DESERTS,3743946.64726,132466909369.0
TA.M03C,41.2742,-122.122002,POINT (-122.122002 41.2742),2541,6.2.7,Cascades,6.2,WESTERN CORDILLERA,6,NORTHWESTERN FORESTED MOUNTAINS,6.2.7  Cascades,6.2  WESTERN CORDILLERA,6  NORTHWESTERN FORESTED MOUNTAINS,139964.285281,1478892967.79
TA.M04C,41.7826,-121.839302,POINT (-121.839302 41.7826),2545,6.2.8,Eastern Cascades Slopes and Foothills,6.2,WESTERN CORDILLERA,6,NORTHWESTERN FORESTED MOUNTAINS,6.2.8  Eastern Cascades Slopes and Foothills,6.2  WESTERN CORDILLERA,6  NORTHWESTERN FORESTED MOUNTAINS,2794959.13771,56079036225.5
TA.M05C,41.359299,-121.145699,POINT (-121.145699 41.359299),2545,6.2.8,Eastern Cascades Slopes and Foothills,6.2,WESTERN CORDILLERA,6,NORTHWESTERN FORESTED MOUNTAINS,6.2.8  Eastern Cascades Slopes and Foothills,6.2  WESTERN CORDILLERA,6  NORTHWESTERN FORESTED MOUNTAINS,2794959.13771,56079036225.5
TA.M06C,41.2047,-120.477203,POINT (-120.477203 41.2047),2545,6.2.8,Eastern Cascades Slopes and Foothills,6.2,WESTERN CORDILLERA,6,NORTHWESTERN FORESTED MOUNTAINS,6.2.8  Eastern Cascades Slopes and Foothills,6.2  WESTERN CORDILLERA,6  NORTHWESTERN FORESTED MOUNTAINS,2794959.13771,56079036225.5
TA.M07A,41.388401,-119.171097,POINT (-119.171097 41.388401),63,10.1.5,Central Basin and Range,10.1,COLD DESERTS,10,NORTH AMERICAN DESERTS,10.1.5  Central Basin and Range,10.1  COLD DESERTS,10  NORTH AMERICAN DESERTS,4409188.47266,309681003905.0
TA.M09A,41.423,-117.449699,POINT (-117.449699 41.423),63,10.1.5,Central Basin and Range,10.1,COLD DESERTS,10,NORTH AMERICAN DESERTS,10.1.5  Central Basin and Range,10.1  COLD DESERTS,10  NORTH AMERICAN DESERTS,4409188.47266,309681003905.0
TA.M10A,41.521999,-116.539597,POINT (-116.539597 41.521999),61,10.1.3,Northern Basin and Range,10.1,COLD DESERTS,10,NORTH AMERICAN DESERTS,10.1.3  Northern Basin and Range,10.1  COLD DESERTS,10  NORTH AMERICAN DESERTS,4208600.93886,141987909484.0
TA.M11A,41.431099,-115.791199,POINT (-115.791199 41.431099),63,10.1.5,Central Basin and Range,10.1,COLD DESERTS,10,NORTH AMERICAN DESERTS,10.1.5  Central Basin and Range,10.1  COLD DESERTS,10  NORTH AMERICAN DESERTS,4409188.47266,309681003905.0
TA.M13A,41.360199,-114.165497,POINT (-114.165497 41.360199),63,10.1.5,Central Basin and Range,10.1,COLD DESERTS,10,NORTH AMERICAN DESERTS,10.1.5  Central Basin and Range,10.1  COLD DESERTS,10  NORTH AMERICAN DESERTS,4409188.47266,309681003905.0
TA.M15A,41.4632,-112.447701,POINT (-112.447701 41.4632),63,10.1.5,Central Basin and Range,10.1,COLD DESERTS,10,NORTH AMERICAN DESERTS,10.1.5  Central Basin and Range,10.1  COLD DESERTS,10  NORTH AMERICAN DESERTS,4409188.47266,309681003905.0
TA.M16A,41.314602,-111.629799,POINT (-111.629799 41.314602),1134,6.2.13,Wasatch and Uinta Mountains,6.2,WESTERN CORDILLERA,6,NORTHWESTERN FORESTED MOUNTAINS,6.2.13  Wasatch and Uinta Mountains,6.2  WESTERN CORDILLERA,6  NORTHWESTERN FORESTED MOUNTAINS,2717065.54222,44678392571.1
TA.M17A,41.4729,-110.666397,POINT (-110.666397 41.4729),62,10.1.4,Wyoming Basin,10.1,COLD DESERTS,10,NORTH AMERICAN DESERTS,10.1.4  Wyoming Basin,10.1  COLD DESERTS,10  NORTH AMERICAN DESERTS,3743946.64726,132466909369.0
TA.N02C,40.821999,-123.305702,POINT (-123.305702 40.821999),1130,6.2.11,Klamath Mountains,6.2,WESTERN CORDILLERA,6,NORTHWESTERN FORESTED MOUNTAINS,6.2.11  Klamath Mountains,6.2  WESTERN CORDILLERA,6  NORTHWESTERN FORESTED MOUNTAINS,1653931.27867,48474603630.7
TA.N07B,40.779701,-118.9711,POINT (-118.9711 40.779701),63,10.1.5,Central Basin and Range,10.1,COLD DESERTS,10,NORTH AMERICAN DESERTS,10.1.5  Central Basin and Range,10.1  COLD DESERTS,10  NORTH AMERICAN DESERTS,4409188.47266,309681003905.0
TA.N09A,40.852001,-117.524399,POINT (-117.524399 40.852001),63,10.1.5,Central Basin and Range,10.1,COLD DESERTS,10,NORTH AMERICAN DESERTS,10.1.5  Central Basin and Range,10.1  COLD DESERTS,10  NORTH AMERICAN DESERTS,4409188.47266,309681003905.0
TA.N10A,40.718601,-116.508003,POINT (-116.508003 40.718601),63,10.1.5,Central Basin and Range,10.1,COLD DESERTS,10,NORTH AMERICAN DESERTS,10.1.5  Central Basin and Range,10.1  COLD DESERTS,10  NORTH AMERICAN DESERTS,4409188.47266,309681003905.0
TA.N11A,40.8167,-115.736,POINT (-115.736 40.8167),63,10.1.5,Central Basin and Range,10.1,COLD DESERTS,10,NORTH AMERICAN DESERTS,10.1.5  Central Basin and Range,10.1  COLD DESERTS,10  NORTH AMERICAN DESERTS,4409188.47266,309681003905.0
TA.N12A,40.8522,-115.038696,POINT (-115.038696 40.8522),63,10.1.5,Central Basin and Range,10.1,COLD DESERTS,10,NORTH AMERICAN DESERTS,10.1.5  Central Basin and Range,10.1  COLD DESERTS,10  NORTH AMERICAN DESERTS,4409188.47266,309681003905.0
TA.N13A,40.855598,-114.204498,POINT (-114.204498 40.855598),63,10.1.5,Central Basin and Range,10.1,COLD DESERTS,10,NORTH AMERICAN DESERTS,10.1.5  Central Basin and Range,10.1  COLD DESERTS,10  NORTH AMERICAN DESERTS,4409188.47266,309681003905.0
TA.N14A,40.851299,-113.186699,POINT (-113.186699 40.851299),63,10.1.5,Central Basin and Range,10.1,COLD DESERTS,10,NORTH AMERICAN DESERTS,10.1.5  Central Basin and Range,10.1  COLD DESERTS,10  NORTH AMERICAN DESERTS,4409188.47266,309681003905.0
TA.N15A,40.890301,-112.520103,POINT (-112.520103 40.890301),63,10.1.5,Central Basin and Range,10.1,COLD DESERTS,10,NORTH AMERICAN DESERTS,10.1.5  Central Basin and Range,10.1  COLD DESERTS,10  NORTH AMERICAN DESERTS,4409188.47266,309681003905.0
TA.O01C,40.139801,-123.819504,POINT (-123.819504 40.139801),1515,7.1.8,Coast Range,7.1,MARINE WEST COAST FOREST,7,MARINE WEST COAST FOREST,7.1.8  Coast Range,7.1  MARINE WEST COAST FOREST,7  MARINE WEST COAST FOREST,4695300.85742,52253838739.3
TA.O04C,40.32,-121.085999,POINT (-121.085999 40.32),1131,6.2.12,Sierra Nevada,6.2,WESTERN CORDILLERA,6,NORTHWESTERN FORESTED MOUNTAINS,6.2.12  Sierra Nevada,6.2  WESTERN CORDILLERA,6  NORTHWESTERN FORESTED MOUNTAINS,1731355.29084,52706853090.9
TA.O05C,39.962002,-120.917603,POINT (-120.917603 39.962002),1131,6.2.12,Sierra Nevada,6.2,WESTERN CORDILLERA,6,NORTHWESTERN FORESTED MOUNTAINS,6.2.12  Sierra Nevada,6.2  WESTERN CORDILLERA,6  NORTHWESTERN FORESTED MOUNTAINS,1731355.29084,52706853090.9
TA.O06A,40.165001,-119.827499,POINT (-119.827499 40.165001),63,10.1.5,Central Basin and Range,10.1,COLD DESERTS,10,NORTH AMERICAN DESERTS,10.1.5  Central Basin and Range,10.1  COLD DESERTS,10  NORTH AMERICAN DESERTS,4409188.47266,309681003905.0
TA.O07A,40.1614,-118.877197,POINT (-118.877197 40.1614),63,10.1.5,Central Basin and Range,10.1,COLD DESERTS,10,NORTH AMERICAN DESERTS,10.1.5  Central Basin and Range,10.1  COLD DESERTS,10  NORTH AMERICAN DESERTS,4409188.47266,309681003905.0
TA.O08A,40.290298,-118.154999,POINT (-118.154999 40.290298),63,10.1.5,Central Basin and Range,10.1,COLD DESERTS,10,NORTH AMERICAN DESERTS,10.1.5  Central Basin and Range,10.1  COLD DESERTS,10  NORTH AMERICAN DESERTS,4409188.47266,309681003905.0
TA.O09A,40.169701,-117.189903,POINT (-117.189903 40.169701),63,10.1.5,Central Basin and Range,10.1,COLD DESERTS,10,NORTH AMERICAN DESERTS,10.1.5  Central Basin and Range,10.1  COLD DESERTS,10  NORTH AMERICAN DESERTS,4409188.47266,309681003905.0
TA.O10A,40.291698,-116.499901,POINT (-116.499901 40.291698),63,10.1.5,Central Basin and Range,10.1,COLD DESERTS,10,NORTH AMERICAN DESERTS,10.1.5  Central Basin and Range,10.1  COLD DESERTS,10  NORTH AMERICAN DESERTS,4409188.47266,309681003905.0
TA.O11A,40.131302,-115.656998,POINT (-115.656998 40.131302),63,10.1.5,Central Basin and Range,10.1,COLD DESERTS,10,NORTH AMERICAN DESERTS,10.1.5  Central Basin and Range,10.1  COLD DESERTS,10  NORTH AMERICAN DESERTS,4409188.47266,309681003905.0
TA.O12A,40.267899,-114.745399,POINT (-114.745399 40.267899),63,10.1.5,Central Basin and Range,10.1,COLD DESERTS,10,NORTH AMERICAN DESERTS,10.1.5  Central Basin and Range,10.1  COLD DESERTS,10  NORTH AMERICAN DESERTS,4409188.47266,309681003905.0
TA.O13A,40.131401,-113.9814,POINT (-113.9814 40.131401),63,10.1.5,Central Basin and Range,10.1,COLD DESERTS,10,NORTH AMERICAN DESERTS,10.1.5  Central Basin and Range,10.1  COLD DESERTS,10  NORTH AMERICAN DESERTS,4409188.47266,309681003905.0
TA.O16A,40.206699,-111.502403,POINT (-111.502403 40.206699),1134,6.2.13,Wasatch and Uinta Mountains,6.2,WESTERN CORDILLERA,6,NORTHWESTERN FORESTED MOUNTAINS,6.2.13  Wasatch and Uinta Mountains,6.2  WESTERN CORDILLERA,6  NORTHWESTERN FORESTED MOUNTAINS,2717065.54222,44678392571.1
TA.P06A,39.678501,-119.8983,POINT (-119.8983 39.678501),63,10.1.5,Central Basin and Range,10.1,COLD DESERTS,10,NORTH AMERICAN DESERTS,10.1.5  Central Basin and Range,10.1  COLD DESERTS,10  NORTH AMERICAN DESERTS,4409188.47266,309681003905.0
TA.P07A,39.539902,-118.889297,POINT (-118.889297 39.539902),63,10.1.5,Central Basin and Range,10.1,COLD DESERTS,10,NORTH AMERICAN DESERTS,10.1.5  Central Basin and Range,10.1  COLD DESERTS,10  NORTH AMERICAN DESERTS,4409188.47266,309681003905.0
TA.P08A,39.694599,-118.080002,POINT (-118.080002 39.694599),63,10.1.5,Central Basin and Range,10.1,COLD DESERTS,10,NORTH AMERICAN DESERTS,10.1.5  Central Basin and Range,10.1  COLD DESERTS,10  NORTH AMERICAN DESERTS,4409188.47266,309681003905.0
TA.P09A,39.551601,-117.139503,POINT (-117.139503 39.551601),63,10.1.5,Central Basin and Range,10.1,COLD DESERTS,10,NORTH AMERICAN DESERTS,10.1.5  Central Basin and Range,10.1  COLD DESERTS,10  NORTH AMERICAN DESERTS,4409188.47266,309681003905.0
TA.P10A,39.620201,-116.463898,POINT (-116.463898 39.620201),63,10.1.5,Central Basin and Range,10.1,COLD DESERTS,10,NORTH AMERICAN DESERTS,10.1.5  Central Basin and Range,10.1  COLD DESERTS,10  NORTH AMERICAN DESERTS,4409188.47266,309681003905.0
TA.P11A,39.553001,-115.753601,POINT (-115.753601 39.553001),63,10.1.5,Central Basin and Range,10.1,COLD DESERTS,10,NORTH AMERICAN DESERTS,10.1.5  Central Basin and Range,10.1  COLD DESERTS,10  NORTH AMERICAN DESERTS,4409188.47266,309681003905.0
TA.P12A,39.473099,-114.907501,POINT (-114.907501 39.473099),63,10.1.5,Central Basin and Range,10.1,COLD DESERTS,10,NORTH AMERICAN DESERTS,10.1.5  Central Basin and Range,10.1  COLD DESERTS,10  NORTH AMERICAN DESERTS,4409188.47266,309681003905.0
TA.P16A,39.6092,-111.6595,POINT (-111.6595 39.6092),1134,6.2.13,Wasatch and Uinta Mountains,6.2,WESTERN CORDILLERA,6,NORTHWESTERN FORESTED MOUNTAINS,6.2.13  Wasatch and Uinta Mountains,6.2  WESTERN CORDILLERA,6  NORTHWESTERN FORESTED MOUNTAINS,2717065.54222,44678392571.1
TA.P17A,39.473,-110.739998,POINT (-110.739998 39.473),64,10.1.6,Colorado Plateaus,10.1,COLD DESERTS,10,NORTH AMERICAN DESERTS,10.1.6  Colorado Plateaus,10.1  COLD DESERTS,10  NORTH AMERICAN DESERTS,3897788.71122,134835328011.0
TA.Q12A,39.040001,-114.829903,POINT (-114.829903 39.040001),63,10.1.5,Central Basin and Range,10.1,COLD DESERTS,10,NORTH AMERICAN DESERTS,10.1.5  Central Basin and Range,10.1  COLD DESERTS,10  NORTH AMERICAN DESERTS,4409188.47266,309681003905.0
UO.EUO,44.029202,-123.070099,POINT (-123.070099 44.029202),1516,7.1.9,Willamette Valley,7.1,MARINE WEST COAST FOREST,7,MARINE WEST COAST FOREST,7.1.9  Willamette Valley,7.1  MARINE WEST COAST FOREST,7  MARINE WEST COAST FOREST,1128580.42889,14851953389.1
UO.PIN,43.811001,-120.8731,POINT (-120.8731 43.811001),2545,6.2.8,Eastern Cascades Slopes and Foothills,6.2,WESTERN CORDILLERA,6,NORTHWESTERN FORESTED MOUNTAINS,6.2.8  Eastern Cascades Slopes and Foothills,6.2  WESTERN CORDILLERA,6  NORTHWESTERN FORESTED MOUNTAINS,2794959.13771,56079036225.5
UW.BLOW,44.683701,-122.186203,POINT (-122.186203 44.683701),2544,6.2.7,Cascades,6.2,WESTERN CORDILLERA,6,NORTHWESTERN FORESTED MOUNTAINS,6.2.7  Cascades,6.2  WESTERN CORDILLERA,6  NORTHWESTERN FORESTED MOUNTAINS,2397516.34339,44747444404.9
UW.DAVN,47.800598,-118.274101,POINT (-118.274101 47.800598),60,10.1.2,Columbia Plateau,10.1,COLD DESERTS,10,NORTH AMERICAN DESERTS,10.1.2  Columbia Plateau,10.1  COLD DESERTS,10  NORTH AMERICAN DESERTS,2889543.18764,81830013715.6
UW.ELW,47.494099,-121.872673,POINT (-121.872673 47.494099),2544,6.2.7,Cascades,6.2,WESTERN CORDILLERA,6,NORTHWESTERN FORESTED MOUNTAINS,6.2.7  Cascades,6.2  WESTERN CORDILLERA,6  NORTHWESTERN FORESTED MOUNTAINS,2397516.34339,44747444404.9
UW.ERW,48.453838,-122.626007,POINT (-122.626007 48.453838),1492,7.1.7,Strait of Georgia/Puget Lowland,7.1,MARINE WEST COAST FOREST,7,MARINE WEST COAST FOREST,7.1.7  Strait of Georgia/Puget Lowland,7.1  MARINE WEST COAST FOREST,7  MARINE WEST COAST FOREST,2131725.94873,14361827609.9
UW.HEBO,45.213501,-123.755386,POINT (-123.755386 45.213501),1515,7.1.8,Coast Range,7.1,MARINE WEST COAST FOREST,7,MARINE WEST COAST FOREST,7.1.8  Coast Range,7.1  MARINE WEST COAST FOREST,7  MARINE WEST COAST FOREST,4695300.85742,52253838739.3
UW.HOOD,45.322262,-121.650932,POINT (-121.650932 45.322262),2544,6.2.7,Cascades,6.2,WESTERN CORDILLERA,6,NORTHWESTERN FORESTED MOUNTAINS,6.2.7  Cascades,6.2  WESTERN CORDILLERA,6  NORTHWESTERN FORESTED MOUNTAINS,2397516.34339,44747444404.9
UW.KENT,45.235699,-120.635101,POINT (-120.635101 45.235699),60,10.1.2,Columbia Plateau,10.1,COLD DESERTS,10,NORTH AMERICAN DESERTS,10.1.2  Columbia Plateau,10.1  COLD DESERTS,10  NORTH AMERICAN DESERTS,2889543.18764,81830013715.6
UW.LCCR,45.205898,-122.478401,POINT (-122.478401 45.205898),1516,7.1.9,Willamette Valley,7.1,MARINE WEST COAST FOREST,7,MARINE WEST COAST FOREST,7.1.9  Willamette Valley,7.1  MARINE WEST COAST FOREST,7  MARINE WEST COAST FOREST,1128580.42889,14851953389.1
UW.LON,46.750599,-121.809601,POINT (-121.809601 46.750599),2544,6.2.7,Cascades,6.2,WESTERN CORDILLERA,6,NORTHWESTERN FORESTED MOUNTAINS,6.2.7  Cascades,6.2  WESTERN CORDILLERA,6  NORTHWESTERN FORESTED MOUNTAINS,2397516.34339,44747444404.9
UW.MEGW,46.26609,-123.87709,POINT (-123.87709 46.26609),1515,7.1.8,Coast Range,7.1,MARINE WEST COAST FOREST,7,MARINE WEST COAST FOREST,7.1.8  Coast Range,7.1  MARINE WEST COAST FOREST,7  MARINE WEST COAST FOREST,4695300.85742,52253838739.3
UW.OPC,48.10009,-123.41291,POINT (-123.41291 48.10009),1449,7.1.7,Strait of Georgia/Puget Lowland,7.1,MARINE WEST COAST FOREST,7,MARINE WEST COAST FOREST,7.1.7  Strait of Georgia/Puget Lowland,7.1  MARINE WEST COAST FOREST,7  MARINE WEST COAST FOREST,475955.425935,1411879120.92
UW.PASS,48.998299,-122.085197,POINT (-122.085197 48.998299),1145,6.2.5,North Cascades,6.2,WESTERN CORDILLERA,6,NORTHWESTERN FORESTED MOUNTAINS,6.2.5  North Cascades,6.2  WESTERN CORDILLERA,6  NORTHWESTERN FORESTED MOUNTAINS,1359680.28228,35164052009.7
UW.SP2,47.55629,-122.249229,POINT (-122.249229 47.55629),1492,7.1.7,Strait of Georgia/Puget Lowland,7.1,MARINE WEST COAST FOREST,7,MARINE WEST COAST FOREST,7.1.7  Strait of Georgia/Puget Lowland,7.1  MARINE WEST COAST FOREST,7  MARINE WEST COAST FOREST,2131725.94873,14361827609.9
UW.SQM,48.073681,-123.048058,POINT (-123.048058 48.073681),1449,7.1.7,Strait of Georgia/Puget Lowland,7.1,MARINE WEST COAST FOREST,7,MARINE WEST COAST FOREST,7.1.7  Strait of Georgia/Puget Lowland,7.1  MARINE WEST COAST FOREST,7  MARINE WEST COAST FOREST,475955.425935,1411879120.92
UW.STOR,47.188099,-121.9888,POINT (-121.9888 47.188099),1492,7.1.7,Strait of Georgia/Puget Lowland,7.1,MARINE WEST COAST FOREST,7,MARINE WEST COAST FOREST,7.1.7  Strait of Georgia/Puget Lowland,7.1  MARINE WEST COAST FOREST,7  MARINE WEST COAST FOREST,2131725.94873,14361827609.9
UW.TAKO,43.74334,-124.082474,POINT (-124.082474 43.74334),1515,7.1.8,Coast Range,7.1,MARINE WEST COAST FOREST,7,MARINE WEST COAST FOREST,7.1.8  Coast Range,7.1  MARINE WEST COAST FOREST,7  MARINE WEST COAST FOREST,4695300.85742,52253838739.3
UW.TOLO,44.621609,-123.92305,POINT (-123.92305 44.621609),1515,7.1.8,Coast Range,7.1,MARINE WEST COAST FOREST,7,MARINE WEST COAST FOREST,7.1.8  Coast Range,7.1  MARINE WEST COAST FOREST,7  MARINE WEST COAST FOREST,4695300.85742,52253838739.3
UW.TOLT,47.694698,-121.689499,POINT (-121.689499 47.694698),1145,6.2.5,North Cascades,6.2,WESTERN CORDILLERA,6,NORTHWESTERN FORESTED MOUNTAINS,6.2.5  North Cascades,6.2  WESTERN CORDILLERA,6  NORTHWESTERN FORESTED MOUNTAINS,1359680.28228,35164052009.7
UW.TTW,47.69445,-121.690109,POINT (-121.690109 47.69445),1145,6.2.5,North Cascades,6.2,WESTERN CORDILLERA,6,NORTHWESTERN FORESTED MOUNTAINS,6.2.5  North Cascades,6.2  WESTERN CORDILLERA,6  NORTHWESTERN FORESTED MOUNTAINS,1359680.28228,35164052009.7
UW.TUCA,46.513901,-118.1455,POINT (-118.1455 46.513901),60,10.1.2,Columbia Plateau,10.1,COLD DESERTS,10,NORTH AMERICAN DESERTS,10.1.2  Columbia Plateau,10.1  COLD DESERTS,10  NORTH AMERICAN DESERTS,2889543.18764,81830013715.6
UW.YACT,45.932499,-122.419296,POINT (-122.419296 45.932499),2544,6.2.7,Cascades,6.2,WESTERN CORDILLERA,6,NORTHWESTERN FORESTED MOUNTAINS,6.2.7  Cascades,6.2  WESTERN CORDILLERA,6  NORTHWESTERN FORESTED MOUNTAINS,2397516.34339,44747444404.9
CC.ASBU,43.82056,-121.368401,POINT (-121.368401 43.82056),2545,6.2.8,Eastern Cascades Slopes and Foothills,6.2,WESTERN CORDILLERA,6,NORTHWESTERN FORESTED MOUNTAINS,6.2.8  Eastern Cascades Slopes and Foothills,6.2  WESTERN CORDILLERA,6  NORTHWESTERN FORESTED MOUNTAINS,2794959.13771,56079036225.5
CC.BRSP,45.40155,-121.708427,POINT (-121.708427 45.40155),2544,6.2.7,Cascades,6.2,WESTERN CORDILLERA,6,NORTHWESTERN FORESTED MOUNTAINS,6.2.7  Cascades,6.2  WESTERN CORDILLERA,6  NORTHWESTERN FORESTED MOUNTAINS,2397516.34339,44747444404.9
CC.CARB,46.988319,-122.005409,POINT (-122.005409 46.988319),2544,6.2.7,Cascades,6.2,WESTERN CORDILLERA,6,NORTHWESTERN FORESTED MOUNTAINS,6.2.7  Cascades,6.2  WESTERN CORDILLERA,6  NORTHWESTERN FORESTED MOUNTAINS,2397516.34339,44747444404.9
CC.CIHL,43.750969,-121.148621,POINT (-121.148621 43.750969),2545,6.2.8,Eastern Cascades Slopes and Foothills,6.2,WESTERN CORDILLERA,6,NORTHWESTERN FORESTED MOUNTAINS,6.2.8  Eastern Cascades Slopes and Foothills,6.2  WESTERN CORDILLERA,6  NORTHWESTERN FORESTED MOUNTAINS,2794959.13771,56079036225.5
CC.CLBH,42.907745,-122.143494,POINT (-122.143494 42.907745),2544,6.2.7,Cascades,6.2,WESTERN CORDILLERA,6,NORTHWESTERN FORESTED MOUNTAINS,6.2.7  Cascades,6.2  WESTERN CORDILLERA,6  NORTHWESTERN FORESTED MOUNTAINS,2397516.34339,44747444404.9
CC.CLCV,42.976139,-122.088882,POINT (-122.088882 42.976139),2544,6.2.7,Cascades,6.2,WESTERN CORDILLERA,6,NORTHWESTERN FORESTED MOUNTAINS,6.2.7  Cascades,6.2  WESTERN CORDILLERA,6  NORTHWESTERN FORESTED MOUNTAINS,2397516.34339,44747444404.9
CC.CLMS,42.922958,-122.016258,POINT (-122.016258 42.922958),2544,6.2.7,Cascades,6.2,WESTERN CORDILLERA,6,NORTHWESTERN FORESTED MOUNTAINS,6.2.7  Cascades,6.2  WESTERN CORDILLERA,6  NORTHWESTERN FORESTED MOUNTAINS,2397516.34339,44747444404.9
CC.CPCO,43.722012,-121.233192,POINT (-121.233192 43.722012),2542,6.2.7,Cascades,6.2,WESTERN CORDILLERA,6,NORTHWESTERN FORESTED MOUNTAINS,6.2.7  Cascades,6.2  WESTERN CORDILLERA,6  NORTHWESTERN FORESTED MOUNTAINS,37466.1225381,92801438.4171
CC.CRBN,46.988132,-121.96106,POINT (-121.96106 46.988132),2544,6.2.7,Cascades,6.2,WESTERN CORDILLERA,6,NORTHWESTERN FORESTED MOUNTAINS,6.2.7  Cascades,6.2  WESTERN CORDILLERA,6  NORTHWESTERN FORESTED MOUNTAINS,2397516.34339,44747444404.9
CC.HIYU,45.43523,-121.807396,POINT (-121.807396 45.43523),2544,6.2.7,Cascades,6.2,WESTERN CORDILLERA,6,NORTHWESTERN FORESTED MOUNTAINS,6.2.7  Cascades,6.2  WESTERN CORDILLERA,6  NORTHWESTERN FORESTED MOUNTAINS,2397516.34339,44747444404.9
CC.HUSB,44.119453,-121.849358,POINT (-121.849358 44.119453),2544,6.2.7,Cascades,6.2,WESTERN CORDILLERA,6,NORTHWESTERN FORESTED MOUNTAINS,6.2.7  Cascades,6.2  WESTERN CORDILLERA,6  NORTHWESTERN FORESTED MOUNTAINS,2397516.34339,44747444404.9
CC.JRO,46.275269,-122.218262,POINT (-122.218262 46.275269),2544,6.2.7,Cascades,6.2,WESTERN CORDILLERA,6,NORTHWESTERN FORESTED MOUNTAINS,6.2.7  Cascades,6.2  WESTERN CORDILLERA,6  NORTHWESTERN FORESTED MOUNTAINS,2397516.34339,44747444404.9
CC.KAUT,46.730263,-121.857391,POINT (-121.857391 46.730263),2544,6.2.7,Cascades,6.2,WESTERN CORDILLERA,6,NORTHWESTERN FORESTED MOUNTAINS,6.2.7  Cascades,6.2  WESTERN CORDILLERA,6  NORTHWESTERN FORESTED MOUNTAINS,2397516.34339,44747444404.9
CC.KWBU,43.752399,-121.311852,POINT (-121.311852 43.752399),2545,6.2.8,Eastern Cascades Slopes and Foothills,6.2,WESTERN CORDILLERA,6,NORTHWESTERN FORESTED MOUNTAINS,6.2.8  Eastern Cascades Slopes and Foothills,6.2  WESTERN CORDILLERA,6  NORTHWESTERN FORESTED MOUNTAINS,2794959.13771,56079036225.5
CC.LOO,46.223751,-122.184387,POINT (-122.184387 46.223751),2544,6.2.7,Cascades,6.2,WESTERN CORDILLERA,6,NORTHWESTERN FORESTED MOUNTAINS,6.2.7  Cascades,6.2  WESTERN CORDILLERA,6  NORTHWESTERN FORESTED MOUNTAINS,2397516.34339,44747444404.9
CC.LSON,45.359612,-121.647079,POINT (-121.647079 45.359612),2544,6.2.7,Cascades,6.2,WESTERN CORDILLERA,6,NORTHWESTERN FORESTED MOUNTAINS,6.2.7  Cascades,6.2  WESTERN CORDILLERA,6  NORTHWESTERN FORESTED MOUNTAINS,2397516.34339,44747444404.9
CC.MAR,46.28532,-122.296669,POINT (-122.296669 46.28532),2544,6.2.7,Cascades,6.2,WESTERN CORDILLERA,6,NORTHWESTERN FORESTED MOUNTAINS,6.2.7  Cascades,6.2  WESTERN CORDILLERA,6  NORTHWESTERN FORESTED MOUNTAINS,2397516.34339,44747444404.9
CC.NFT,46.27,-122.256111,POINT (-122.256111 46.27),2544,6.2.7,Cascades,6.2,WESTERN CORDILLERA,6,NORTHWESTERN FORESTED MOUNTAINS,6.2.7  Cascades,6.2  WESTERN CORDILLERA,6  NORTHWESTERN FORESTED MOUNTAINS,2397516.34339,44747444404.9
CC.NORM,43.73896,-121.252678,POINT (-121.252678 43.73896),2542,6.2.7,Cascades,6.2,WESTERN CORDILLERA,6,NORTHWESTERN FORESTED MOUNTAINS,6.2.7  Cascades,6.2  WESTERN CORDILLERA,6  NORTHWESTERN FORESTED MOUNTAINS,37466.1225381,92801438.4171
CC.OBSR,46.899719,-121.815331,POINT (-121.815331 46.899719),2544,6.2.7,Cascades,6.2,WESTERN CORDILLERA,6,NORTHWESTERN FORESTED MOUNTAINS,6.2.7  Cascades,6.2  WESTERN CORDILLERA,6  NORTHWESTERN FORESTED MOUNTAINS,2397516.34339,44747444404.9
CC.PALM,45.358574,-121.705536,POINT (-121.705536 45.358574),2544,6.2.7,Cascades,6.2,WESTERN CORDILLERA,6,NORTHWESTERN FORESTED MOUNTAINS,6.2.7  Cascades,6.2  WESTERN CORDILLERA,6  NORTHWESTERN FORESTED MOUNTAINS,2397516.34339,44747444404.9
CC.PANH,46.859032,-121.642593,POINT (-121.642593 46.859032),2544,6.2.7,Cascades,6.2,WESTERN CORDILLERA,6,NORTHWESTERN FORESTED MOUNTAINS,6.2.7  Cascades,6.2  WESTERN CORDILLERA,6  NORTHWESTERN FORESTED MOUNTAINS,2397516.34339,44747444404.9
CC.PARA,46.786442,-121.742149,POINT (-121.742149 46.786442),2544,6.2.7,Cascades,6.2,WESTERN CORDILLERA,6,NORTHWESTERN FORESTED MOUNTAINS,6.2.7  Cascades,6.2  WESTERN CORDILLERA,6  NORTHWESTERN FORESTED MOUNTAINS,2397516.34339,44747444404.9
CC.PR01,46.91011,-122.037567,POINT (-122.037567 46.91011),2544,6.2.7,Cascades,6.2,WESTERN CORDILLERA,6,NORTHWESTERN FORESTED MOUNTAINS,6.2.7  Cascades,6.2  WESTERN CORDILLERA,6  NORTHWESTERN FORESTED MOUNTAINS,2397516.34339,44747444404.9
CC.PR02,46.918304,-122.048637,POINT (-122.048637 46.918304),2544,6.2.7,Cascades,6.2,WESTERN CORDILLERA,6,NORTHWESTERN FORESTED MOUNTAINS,6.2.7  Cascades,6.2  WESTERN CORDILLERA,6  NORTHWESTERN FORESTED MOUNTAINS,2397516.34339,44747444404.9
CC.PR03,46.903435,-122.032692,POINT (-122.032692 46.903435),2544,6.2.7,Cascades,6.2,WESTERN CORDILLERA,6,NORTHWESTERN FORESTED MOUNTAINS,6.2.7  Cascades,6.2  WESTERN CORDILLERA,6  NORTHWESTERN FORESTED MOUNTAINS,2397516.34339,44747444404.9
CC.PR04,46.929749,-121.988525,POINT (-121.988525 46.929749),2544,6.2.7,Cascades,6.2,WESTERN CORDILLERA,6,NORTHWESTERN FORESTED MOUNTAINS,6.2.7  Cascades,6.2  WESTERN CORDILLERA,6  NORTHWESTERN FORESTED MOUNTAINS,2397516.34339,44747444404.9
CC.PR05,46.841724,-121.94886,POINT (-121.94886 46.841724),2544,6.2.7,Cascades,6.2,WESTERN CORDILLERA,6,NORTHWESTERN FORESTED MOUNTAINS,6.2.7  Cascades,6.2  WESTERN CORDILLERA,6  NORTHWESTERN FORESTED MOUNTAINS,2397516.34339,44747444404.9
CC.PRLK,44.209751,-121.962639,POINT (-121.962639 44.209751),2544,6.2.7,Cascades,6.2,WESTERN CORDILLERA,6,NORTHWESTERN FORESTED MOUNTAINS,6.2.7  Cascades,6.2  WESTERN CORDILLERA,6  NORTHWESTERN FORESTED MOUNTAINS,2397516.34339,44747444404.9
CC.REM,46.200199,-122.185501,POINT (-122.185501 46.200199),2544,6.2.7,Cascades,6.2,WESTERN CORDILLERA,6,NORTHWESTERN FORESTED MOUNTAINS,6.2.7  Cascades,6.2  WESTERN CORDILLERA,6  NORTHWESTERN FORESTED MOUNTAINS,2397516.34339,44747444404.9
CC.RUSH,46.903061,-121.944389,POINT (-121.944389 46.903061),2544,6.2.7,Cascades,6.2,WESTERN CORDILLERA,6,NORTHWESTERN FORESTED MOUNTAINS,6.2.7  Cascades,6.2  WESTERN CORDILLERA,6  NORTHWESTERN FORESTED MOUNTAINS,2397516.34339,44747444404.9
CC.SEP,46.19978,-122.190857,POINT (-122.190857 46.19978),2544,6.2.7,Cascades,6.2,WESTERN CORDILLERA,6,NORTHWESTERN FORESTED MOUNTAINS,6.2.7  Cascades,6.2  WESTERN CORDILLERA,6  NORTHWESTERN FORESTED MOUNTAINS,2397516.34339,44747444404.9
CC.SHRK,45.464317,-121.52877,POINT (-121.52877 45.464317),2544,6.2.7,Cascades,6.2,WESTERN CORDILLERA,6,NORTHWESTERN FORESTED MOUNTAINS,6.2.7  Cascades,6.2  WESTERN CORDILLERA,6  NORTHWESTERN FORESTED MOUNTAINS,2397516.34339,44747444404.9
CC.SIFT,46.866871,-121.953201,POINT (-121.953201 46.866871),2544,6.2.7,Cascades,6.2,WESTERN CORDILLERA,6,NORTHWESTERN FORESTED MOUNTAINS,6.2.7  Cascades,6.2  WESTERN CORDILLERA,6  NORTHWESTERN FORESTED MOUNTAINS,2397516.34339,44747444404.9
CC.STD,46.237492,-122.224213,POINT (-122.224213 46.237492),2544,6.2.7,Cascades,6.2,WESTERN CORDILLERA,6,NORTHWESTERN FORESTED MOUNTAINS,6.2.7  Cascades,6.2  WESTERN CORDILLERA,6  NORTHWESTERN FORESTED MOUNTAINS,2397516.34339,44747444404.9
CC.SUG,46.215549,-122.176262,POINT (-122.176262 46.215549),2544,6.2.7,Cascades,6.2,WESTERN CORDILLERA,6,NORTHWESTERN FORESTED MOUNTAINS,6.2.7  Cascades,6.2  WESTERN CORDILLERA,6  NORTHWESTERN FORESTED MOUNTAINS,2397516.34339,44747444404.9
CC.SWF2,46.178349,-122.216766,POINT (-122.216766 46.178349),2544,6.2.7,Cascades,6.2,WESTERN CORDILLERA,6,NORTHWESTERN FORESTED MOUNTAINS,6.2.7  Cascades,6.2  WESTERN CORDILLERA,6  NORTHWESTERN FORESTED MOUNTAINS,2397516.34339,44747444404.9
CC.SWNB,43.672741,-121.355347,POINT (-121.355347 43.672741),2545,6.2.8,Eastern Cascades Slopes and Foothills,6.2,WESTERN CORDILLERA,6,NORTHWESTERN FORESTED MOUNTAINS,6.2.8  Eastern Cascades Slopes and Foothills,6.2  WESTERN CORDILLERA,6  NORTHWESTERN FORESTED MOUNTAINS,2794959.13771,56079036225.5
CC.TIMB,45.33572,-121.710358,POINT (-121.710358 45.33572),2544,6.2.7,Cascades,6.2,WESTERN CORDILLERA,6,NORTHWESTERN FORESTED MOUNTAINS,6.2.7  Cascades,6.2  WESTERN CORDILLERA,6  NORTHWESTERN FORESTED MOUNTAINS,2397516.34339,44747444404.9
CC.TMBU,43.601891,-121.144508,POINT (-121.144508 43.601891),2545,6.2.8,Eastern Cascades Slopes and Foothills,6.2,WESTERN CORDILLERA,6,NORTHWESTERN FORESTED MOUNTAINS,6.2.8  Eastern Cascades Slopes and Foothills,6.2  WESTERN CORDILLERA,6  NORTHWESTERN FORESTED MOUNTAINS,2794959.13771,56079036225.5
CC.UNFR,46.27261,-122.292099,POINT (-122.292099 46.27261),2544,6.2.7,Cascades,6.2,WESTERN CORDILLERA,6,NORTHWESTERN FORESTED MOUNTAINS,6.2.7  Cascades,6.2  WESTERN CORDILLERA,6  NORTHWESTERN FORESTED MOUNTAINS,2397516.34339,44747444404.9
CC.VOIT,46.966331,-121.983398,POINT (-121.983398 46.966331),2544,6.2.7,Cascades,6.2,WESTERN CORDILLERA,6,NORTHWESTERN FORESTED MOUNTAINS,6.2.7  Cascades,6.2  WESTERN CORDILLERA,6  NORTHWESTERN FORESTED MOUNTAINS,2397516.34339,44747444404.9
CC.WIZ,42.934181,-122.149208,POINT (-122.149208 42.934181),2544,6.2.7,Cascades,6.2,WESTERN CORDILLERA,6,NORTHWESTERN FORESTED MOUNTAINS,6.2.7  Cascades,6.2  WESTERN CORDILLERA,6  NORTHWESTERN FORESTED MOUNTAINS,2397516.34339,44747444404.9
CC.YOCR,45.379177,-121.743538,POINT (-121.743538 45.379177),2544,6.2.7,Cascades,6.2,WESTERN CORDILLERA,6,NORTHWESTERN FORESTED MOUNTAINS,6.2.7  Cascades,6.2  WESTERN CORDILLERA,6  NORTHWESTERN FORESTED MOUNTAINS,2397516.34339,44747444404.9
TA.P29M,59.630402,-137.738098,POINT (-137.738098 59.630402),1109,6.1.4,Wrangell and St. Elias Mountains,6.1,BOREAL CORDILLERA,6,NORTHWESTERN FORESTED MOUNTAINS,6.1.4  Wrangell and St. Elias Mountains,6.1  BOREAL CORDILLERA,6  NORTHWESTERN FORESTED MOUNTAINS,1484127.25097,52952680423.4
TA.R31K,58.4133,-135.739807,POINT (-135.739807 58.4133),1366,7.1.5,Coastal Western Hemlock-Sitka Spruce Forests,7.1,MARINE WEST COAST FOREST,7,MARINE WEST COAST FOREST,7.1.5  Coastal Western Hemlock-Sitka Spruce Forests,7.1  MARINE WEST COAST FOREST,7  MARINE WEST COAST FOREST,345174.57715,3231050688.67
TA.S34M,57.9128,-131.131195,POINT (-131.131195 57.9128),1111,6.1.6,Yukon-Stikine Highlands/Boreal Mountains and Plateaus,6.1,BOREAL CORDILLERA,6,NORTHWESTERN FORESTED MOUNTAINS,6.1.6  Yukon-Stikine Highlands/Boreal Mountains and Plateaus,6.1  BOREAL CORDILLERA,6  NORTHWESTERN FORESTED MOUNTAINS,3258995.30337,168515095640.0
TA.T33K,56.8144,-132.952393,POINT (-132.952393 56.8144),1333,7.1.5,Coastal Western Hemlock-Sitka Spruce Forests,7.1,MARINE WEST COAST FOREST,7,MARINE WEST COAST FOREST,7.1.5  Coastal Western Hemlock-Sitka Spruce Forests,7.1  MARINE WEST COAST FOREST,7  MARINE WEST COAST FOREST,121968.903605,553443533.882
TA.T35M,56.981098,-130.249603,POINT (-130.249603 56.981098),1112,6.2.1,Skeena-Omineca-Central Canadian Rocky Mountains,6.2,WESTERN CORDILLERA,6,NORTHWESTERN FORESTED MOUNTAINS,6.2.1  Skeena-Omineca-Central Canadian Rocky Mountains,6.2  WESTERN CORDILLERA,6  NORTHWESTERN FORESTED MOUNTAINS,2883802.78094,139420087912.0
TA.U35K,55.915401,-130.025696,POINT (-130.025696 55.915401),1208,7.1.4,Pacific Coastal Mountains,7.1,MARINE WEST COAST FOREST,7,MARINE WEST COAST FOREST,7.1.4  Pacific Coastal Mountains,7.1  MARINE WEST COAST FOREST,7  MARINE WEST COAST FOREST,6112279.64362,131436024875.0
UO.ALSE,44.381817,-123.590424,POINT (-123.590424 44.381817),1515,7.1.8,Coast Range,7.1,MARINE WEST COAST FOREST,7,MARINE WEST COAST FOREST,7.1.8  Coast Range,7.1  MARINE WEST COAST FOREST,7  MARINE WEST COAST FOREST,4695300.85742,52253838739.3
UO.BEER,44.107738,-123.847252,POINT (-123.847252 44.107738),1515,7.1.8,Coast Range,7.1,MARINE WEST COAST FOREST,7,MARINE WEST COAST FOREST,7.1.8  Coast Range,7.1  MARINE WEST COAST FOREST,7  MARINE WEST COAST FOREST,4695300.85742,52253838739.3
UO.CAVE,42.120869,-123.570709,POINT (-123.570709 42.120869),1130,6.2.11,Klamath Mountains,6.2,WESTERN CORDILLERA,6,NORTHWESTERN FORESTED MOUNTAINS,6.2.11  Klamath Mountains,6.2  WESTERN CORDILLERA,6  NORTHWESTERN FORESTED MOUNTAINS,1653931.27867,48474603630.7
UO.CHIL,42.624561,-121.753639,POINT (-121.753639 42.624561),2545,6.2.8,Eastern Cascades Slopes and Foothills,6.2,WESTERN CORDILLERA,6,NORTHWESTERN FORESTED MOUNTAINS,6.2.8  Eastern Cascades Slopes and Foothills,6.2  WESTERN CORDILLERA,6  NORTHWESTERN FORESTED MOUNTAINS,2794959.13771,56079036225.5
UO.DBO,43.118721,-123.244423,POINT (-123.244423 43.118721),1130,6.2.11,Klamath Mountains,6.2,WESTERN CORDILLERA,6,NORTHWESTERN FORESTED MOUNTAINS,6.2.11  Klamath Mountains,6.2  WESTERN CORDILLERA,6  NORTHWESTERN FORESTED MOUNTAINS,1653931.27867,48474603630.7
UO.DFAZ,43.240601,-122.109299,POINT (-122.109299 43.240601),2544,6.2.7,Cascades,6.2,WESTERN CORDILLERA,6,NORTHWESTERN FORESTED MOUNTAINS,6.2.7  Cascades,6.2  WESTERN CORDILLERA,6  NORTHWESTERN FORESTED MOUNTAINS,2397516.34339,44747444404.9
UO.HBUG,42.640789,-124.379433,POINT (-124.379433 42.640789),1515,7.1.8,Coast Range,7.1,MARINE WEST COAST FOREST,7,MARINE WEST COAST FOREST,7.1.8  Coast Range,7.1  MARINE WEST COAST FOREST,7  MARINE WEST COAST FOREST,4695300.85742,52253838739.3
UO.JESE,45.242199,-121.316704,POINT (-121.316704 45.242199),2545,6.2.8,Eastern Cascades Slopes and Foothills,6.2,WESTERN CORDILLERA,6,NORTHWESTERN FORESTED MOUNTAINS,6.2.8  Eastern Cascades Slopes and Foothills,6.2  WESTERN CORDILLERA,6  NORTHWESTERN FORESTED MOUNTAINS,2794959.13771,56079036225.5
UO.KEB,42.872353,-124.33419,POINT (-124.33419 42.872353),1515,7.1.8,Coast Range,7.1,MARINE WEST COAST FOREST,7,MARINE WEST COAST FOREST,7.1.8  Coast Range,7.1  MARINE WEST COAST FOREST,7  MARINE WEST COAST FOREST,4695300.85742,52253838739.3
UO.KUHN,45.78521,-122.89579,POINT (-122.89579 45.78521),1515,7.1.8,Coast Range,7.1,MARINE WEST COAST FOREST,7,MARINE WEST COAST FOREST,7.1.8  Coast Range,7.1  MARINE WEST COAST FOREST,7  MARINE WEST COAST FOREST,4695300.85742,52253838739.3
UO.LAIR,43.161499,-123.931396,POINT (-123.931396 43.161499),1515,7.1.8,Coast Range,7.1,MARINE WEST COAST FOREST,7,MARINE WEST COAST FOREST,7.1.8  Coast Range,7.1  MARINE WEST COAST FOREST,7  MARINE WEST COAST FOREST,4695300.85742,52253838739.3
UO.MARQ,45.065918,-122.668533,POINT (-122.668533 45.065918),1516,7.1.9,Willamette Valley,7.1,MARINE WEST COAST FOREST,7,MARINE WEST COAST FOREST,7.1.9  Willamette Valley,7.1  MARINE WEST COAST FOREST,7  MARINE WEST COAST FOREST,1128580.42889,14851953389.1
UO.MINN,45.211498,-123.264099,POINT (-123.264099 45.211498),1516,7.1.9,Willamette Valley,7.1,MARINE WEST COAST FOREST,7,MARINE WEST COAST FOREST,7.1.9  Willamette Valley,7.1  MARINE WEST COAST FOREST,7  MARINE WEST COAST FOREST,1128580.42889,14851953389.1
UO.MONKS,45.994202,-123.003616,POINT (-123.003616 45.994202),1515,7.1.8,Coast Range,7.1,MARINE WEST COAST FOREST,7,MARINE WEST COAST FOREST,7.1.8  Coast Range,7.1  MARINE WEST COAST FOREST,7  MARINE WEST COAST FOREST,4695300.85742,52253838739.3
UO.NATH,43.794102,-122.411346,POINT (-122.411346 43.794102),2544,6.2.7,Cascades,6.2,WESTERN CORDILLERA,6,NORTHWESTERN FORESTED MOUNTAINS,6.2.7  Cascades,6.2  WESTERN CORDILLERA,6  NORTHWESTERN FORESTED MOUNTAINS,2397516.34339,44747444404.9
UO.NBFR,45.726151,-123.853233,POINT (-123.853233 45.726151),1515,7.1.8,Coast Range,7.1,MARINE WEST COAST FOREST,7,MARINE WEST COAST FOREST,7.1.8  Coast Range,7.1  MARINE WEST COAST FOREST,7  MARINE WEST COAST FOREST,4695300.85742,52253838739.3
UO.RAIN,46.082859,-123.010818,POINT (-123.010818 46.082859),1515,7.1.8,Coast Range,7.1,MARINE WEST COAST FOREST,7,MARINE WEST COAST FOREST,7.1.8  Coast Range,7.1  MARINE WEST COAST FOREST,7  MARINE WEST COAST FOREST,4695300.85742,52253838739.3
UO.SISQ,42.275352,-123.632324,POINT (-123.632324 42.275352),1130,6.2.11,Klamath Mountains,6.2,WESTERN CORDILLERA,6,NORTHWESTERN FORESTED MOUNTAINS,6.2.11  Klamath Mountains,6.2  WESTERN CORDILLERA,6  NORTHWESTERN FORESTED MOUNTAINS,1653931.27867,48474603630.7
UO.TRIPT,45.629532,-123.643761,POINT (-123.643761 45.629532),1515,7.1.8,Coast Range,7.1,MARINE WEST COAST FOREST,7,MARINE WEST COAST FOREST,7.1.8  Coast Range,7.1  MARINE WEST COAST FOREST,7  MARINE WEST COAST FOREST,4695300.85742,52253838739.3
UO.UCHR,44.834572,-123.870911,POINT (-123.870911 44.834572),1515,7.1.8,Coast Range,7.1,MARINE WEST COAST FOREST,7,MARINE WEST COAST FOREST,7.1.8  Coast Range,7.1  MARINE WEST COAST FOREST,7  MARINE WEST COAST FOREST,4695300.85742,52253838739.3
UO.VERN,45.8531,-123.24752,POINT (-123.24752 45.8531),1515,7.1.8,Coast Range,7.1,MARINE WEST COAST FOREST,7,MARINE WEST COAST FOREST,7.1.8  Coast Range,7.1  MARINE WEST COAST FOREST,7  MARINE WEST COAST FOREST,4695300.85742,52253838739.3
UO.VITI,44.28157,-123.318085,POINT (-123.318085 44.28157),1516,7.1.9,Willamette Valley,7.1,MARINE WEST COAST FOREST,7,MARINE WEST COAST FOREST,7.1.9  Willamette Valley,7.1  MARINE WEST COAST FOREST,7  MARINE WEST COAST FOREST,1128580.42889,14851953389.1
UO.WLOO,44.523418,-122.737694,POINT (-122.737694 44.523418),1516,7.1.9,Willamette Valley,7.1,MARINE WEST COAST FOREST,7,MARINE WEST COAST FOREST,7.1.9  Willamette Valley,7.1  MARINE WEST COAST FOREST,7  MARINE WEST COAST FOREST,1128580.42889,14851953389.1
UW.ANGUS,47.100842,-123.492767,POINT (-123.492767 47.100842),1515,7.1.8,Coast Range,7.1,MARINE WEST COAST FOREST,7,MARINE WEST COAST FOREST,7.1.8  Coast Range,7.1  MARINE WEST COAST FOREST,7  MARINE WEST COAST FOREST,4695300.85742,52253838739.3
UW.ARTIC,46.80521,-123.758667,POINT (-123.758667 46.80521),1515,7.1.8,Coast Range,7.1,MARINE WEST COAST FOREST,7,MARINE WEST COAST FOREST,7.1.8  Coast Range,7.1  MARINE WEST COAST FOREST,7  MARINE WEST COAST FOREST,4695300.85742,52253838739.3
UW.BERY,48.264099,-122.096001,POINT (-122.096001 48.264099),1492,7.1.7,Strait of Georgia/Puget Lowland,7.1,MARINE WEST COAST FOREST,7,MARINE WEST COAST FOREST,7.1.7  Strait of Georgia/Puget Lowland,7.1  MARINE WEST COAST FOREST,7  MARINE WEST COAST FOREST,2131725.94873,14361827609.9
UW.BES3,47.642021,-122.525337,POINT (-122.525337 47.642021),1444,7.1.7,Strait of Georgia/Puget Lowland,7.1,MARINE WEST COAST FOREST,7,MARINE WEST COAST FOREST,7.1.7  Strait of Georgia/Puget Lowland,7.1  MARINE WEST COAST FOREST,7  MARINE WEST COAST FOREST,65449.1321241,75521807.6166
UW.BHAM,48.787239,-122.417519,POINT (-122.417519 48.787239),1492,7.1.7,Strait of Georgia/Puget Lowland,7.1,MARINE WEST COAST FOREST,7,MARINE WEST COAST FOREST,7.1.7  Strait of Georgia/Puget Lowland,7.1  MARINE WEST COAST FOREST,7  MARINE WEST COAST FOREST,2131725.94873,14361827609.9
UW.BICK,46.040115,-120.339447,POINT (-120.339447 46.040115),60,10.1.2,Columbia Plateau,10.1,COLD DESERTS,10,NORTH AMERICAN DESERTS,10.1.2  Columbia Plateau,10.1  COLD DESERTS,10  NORTH AMERICAN DESERTS,2889543.18764,81830013715.6
UW.BOIS,46.550541,-123.13018,POINT (-123.13018 46.550541),1515,7.1.8,Coast Range,7.1,MARINE WEST COAST FOREST,7,MARINE WEST COAST FOREST,7.1.8  Coast Range,7.1  MARINE WEST COAST FOREST,7  MARINE WEST COAST FOREST,4695300.85742,52253838739.3
UW.BRAN,45.9734,-117.227699,POINT (-117.227699 45.9734),1147,6.2.9,Blue Mountains,6.2,WESTERN CORDILLERA,6,NORTHWESTERN FORESTED MOUNTAINS,6.2.9  Blue Mountains,6.2  WESTERN CORDILLERA,6  NORTHWESTERN FORESTED MOUNTAINS,2071150.30246,70756834089.5
UW.BST01,47.681702,-122.391701,POINT (-122.391701 47.681702),1492,7.1.7,Strait of Georgia/Puget Lowland,7.1,MARINE WEST COAST FOREST,7,MARINE WEST COAST FOREST,7.1.7  Strait of Georgia/Puget Lowland,7.1  MARINE WEST COAST FOREST,7  MARINE WEST COAST FOREST,2131725.94873,14361827609.9
UW.BST02,47.670132,-122.304939,POINT (-122.304939 47.670132),1492,7.1.7,Strait of Georgia/Puget Lowland,7.1,MARINE WEST COAST FOREST,7,MARINE WEST COAST FOREST,7.1.7  Strait of Georgia/Puget Lowland,7.1  MARINE WEST COAST FOREST,7  MARINE WEST COAST FOREST,2131725.94873,14361827609.9
UW.BST03,47.715389,-122.3619,POINT (-122.3619 47.715389),1492,7.1.7,Strait of Georgia/Puget Lowland,7.1,MARINE WEST COAST FOREST,7,MARINE WEST COAST FOREST,7.1.7  Strait of Georgia/Puget Lowland,7.1  MARINE WEST COAST FOREST,7  MARINE WEST COAST FOREST,2131725.94873,14361827609.9
UW.BST04,47.70089,-122.29483,POINT (-122.29483 47.70089),1492,7.1.7,Strait of Georgia/Puget Lowland,7.1,MARINE WEST COAST FOREST,7,MARINE WEST COAST FOREST,7.1.7  Strait of Georgia/Puget Lowland,7.1  MARINE WEST COAST FOREST,7  MARINE WEST COAST FOREST,2131725.94873,14361827609.9
UW.BST05,47.682049,-122.327637,POINT (-122.327637 47.682049),1492,7.1.7,Strait of Georgia/Puget Lowland,7.1,MARINE WEST COAST FOREST,7,MARINE WEST COAST FOREST,7.1.7  Strait of Georgia/Puget Lowland,7.1  MARINE WEST COAST FOREST,7  MARINE WEST COAST FOREST,2131725.94873,14361827609.9
UW.BST07,47.665379,-122.348801,POINT (-122.348801 47.665379),1492,7.1.7,Strait of Georgia/Puget Lowland,7.1,MARINE WEST COAST FOREST,7,MARINE WEST COAST FOREST,7.1.7  Strait of Georgia/Puget Lowland,7.1  MARINE WEST COAST FOREST,7  MARINE WEST COAST FOREST,2131725.94873,14361827609.9
UW.BST08,47.680519,-122.365562,POINT (-122.365562 47.680519),1492,7.1.7,Strait of Georgia/Puget Lowland,7.1,MARINE WEST COAST FOREST,7,MARINE WEST COAST FOREST,7.1.7  Strait of Georgia/Puget Lowland,7.1  MARINE WEST COAST FOREST,7  MARINE WEST COAST FOREST,2131725.94873,14361827609.9
UW.BST09,47.653999,-122.30899,POINT (-122.30899 47.653999),1492,7.1.7,Strait of Georgia/Puget Lowland,7.1,MARINE WEST COAST FOREST,7,MARINE WEST COAST FOREST,7.1.7  Strait of Georgia/Puget Lowland,7.1  MARINE WEST COAST FOREST,7  MARINE WEST COAST FOREST,2131725.94873,14361827609.9
UW.BST10,47.67498,-122.306931,POINT (-122.306931 47.67498),1492,7.1.7,Strait of Georgia/Puget Lowland,7.1,MARINE WEST COAST FOREST,7,MARINE WEST COAST FOREST,7.1.7  Strait of Georgia/Puget Lowland,7.1  MARINE WEST COAST FOREST,7  MARINE WEST COAST FOREST,2131725.94873,14361827609.9
UW.BST11,47.641972,-122.328827,POINT (-122.328827 47.641972),1492,7.1.7,Strait of Georgia/Puget Lowland,7.1,MARINE WEST COAST FOREST,7,MARINE WEST COAST FOREST,7.1.7  Strait of Georgia/Puget Lowland,7.1  MARINE WEST COAST FOREST,7  MARINE WEST COAST FOREST,2131725.94873,14361827609.9
UW.BST12,47.640751,-122.374001,POINT (-122.374001 47.640751),1492,7.1.7,Strait of Georgia/Puget Lowland,7.1,MARINE WEST COAST FOREST,7,MARINE WEST COAST FOREST,7.1.7  Strait of Georgia/Puget Lowland,7.1  MARINE WEST COAST FOREST,7  MARINE WEST COAST FOREST,2131725.94873,14361827609.9
UW.BST15,47.576012,-122.225441,POINT (-122.225441 47.576012),1492,7.1.7,Strait of Georgia/Puget Lowland,7.1,MARINE WEST COAST FOREST,7,MARINE WEST COAST FOREST,7.1.7  Strait of Georgia/Puget Lowland,7.1  MARINE WEST COAST FOREST,7  MARINE WEST COAST FOREST,2131725.94873,14361827609.9
UW.BST17,47.49527,-122.471626,POINT (-122.471626 47.49527),1442,7.1.7,Strait of Georgia/Puget Lowland,7.1,MARINE WEST COAST FOREST,7,MARINE WEST COAST FOREST,7.1.7  Strait of Georgia/Puget Lowland,7.1  MARINE WEST COAST FOREST,7  MARINE WEST COAST FOREST,79729.0177706,96565564.9755
UW.BST18,47.49258,-122.313057,POINT (-122.313057 47.49258),1492,7.1.7,Strait of Georgia/Puget Lowland,7.1,MARINE WEST COAST FOREST,7,MARINE WEST COAST FOREST,7.1.7  Strait of Georgia/Puget Lowland,7.1  MARINE WEST COAST FOREST,7  MARINE WEST COAST FOREST,2131725.94873,14361827609.9
UW.BST19,47.62059,-122.908989,POINT (-122.908989 47.62059),1445,7.1.7,Strait of Georgia/Puget Lowland,7.1,MARINE WEST COAST FOREST,7,MARINE WEST COAST FOREST,7.1.7  Strait of Georgia/Puget Lowland,7.1  MARINE WEST COAST FOREST,7  MARINE WEST COAST FOREST,977895.561731,2761220048.45
UW.BST22,47.42738,-122.884773,POINT (-122.884773 47.42738),1445,7.1.7,Strait of Georgia/Puget Lowland,7.1,MARINE WEST COAST FOREST,7,MARINE WEST COAST FOREST,7.1.7  Strait of Georgia/Puget Lowland,7.1  MARINE WEST COAST FOREST,7  MARINE WEST COAST FOREST,977895.561731,2761220048.45
UW.BST23,47.49984,-123.068977,POINT (-123.068977 47.49984),1445,7.1.7,Strait of Georgia/Puget Lowland,7.1,MARINE WEST COAST FOREST,7,MARINE WEST COAST FOREST,7.1.7  Strait of Georgia/Puget Lowland,7.1  MARINE WEST COAST FOREST,7  MARINE WEST COAST FOREST,977895.561731,2761220048.45
UW.BST29,47.707245,-122.223015,POINT (-122.223015 47.707245),1492,7.1.7,Strait of Georgia/Puget Lowland,7.1,MARINE WEST COAST FOREST,7,MARINE WEST COAST FOREST,7.1.7  Strait of Georgia/Puget Lowland,7.1  MARINE WEST COAST FOREST,7  MARINE WEST COAST FOREST,2131725.94873,14361827609.9
UW.CBS,47.804691,-120.042847,POINT (-120.042847 47.804691),60,10.1.2,Columbia Plateau,10.1,COLD DESERTS,10,NORTH AMERICAN DESERTS,10.1.2  Columbia Plateau,10.1  COLD DESERTS,10  NORTH AMERICAN DESERTS,2889543.18764,81830013715.6
UW.CCRK,46.558498,-119.854797,POINT (-119.854797 46.558498),60,10.1.2,Columbia Plateau,10.1,COLD DESERTS,10,NORTH AMERICAN DESERTS,10.1.2  Columbia Plateau,10.1  COLD DESERTS,10  NORTH AMERICAN DESERTS,2889543.18764,81830013715.6
UW.CHIMA,48.010509,-122.780579,POINT (-122.780579 48.010509),1449,7.1.7,Strait of Georgia/Puget Lowland,7.1,MARINE WEST COAST FOREST,7,MARINE WEST COAST FOREST,7.1.7  Strait of Georgia/Puget Lowland,7.1  MARINE WEST COAST FOREST,7  MARINE WEST COAST FOREST,475955.425935,1411879120.92
UW.CORE,46.925701,-123.913597,POINT (-123.913597 46.925701),1515,7.1.8,Coast Range,7.1,MARINE WEST COAST FOREST,7,MARINE WEST COAST FOREST,7.1.8  Coast Range,7.1  MARINE WEST COAST FOREST,7  MARINE WEST COAST FOREST,4695300.85742,52253838739.3
UW.COWL,46.48204,-122.664612,POINT (-122.664612 46.48204),1492,7.1.7,Strait of Georgia/Puget Lowland,7.1,MARINE WEST COAST FOREST,7,MARINE WEST COAST FOREST,7.1.7  Strait of Georgia/Puget Lowland,7.1  MARINE WEST COAST FOREST,7  MARINE WEST COAST FOREST,2131725.94873,14361827609.9
UW.COWS,47.6656,-121.930748,POINT (-121.930748 47.6656),1492,7.1.7,Strait of Georgia/Puget Lowland,7.1,MARINE WEST COAST FOREST,7,MARINE WEST COAST FOREST,7.1.7  Strait of Georgia/Puget Lowland,7.1  MARINE WEST COAST FOREST,7  MARINE WEST COAST FOREST,2131725.94873,14361827609.9
UW.CVILL,48.55452,-117.873154,POINT (-117.873154 48.55452),1141,6.2.3,Columbia Mountains/Northern Rockies,6.2,WESTERN CORDILLERA,6,NORTHWESTERN FORESTED MOUNTAINS,6.2.3  Columbia Mountains/Northern Rockies,6.2  WESTERN CORDILLERA,6  NORTHWESTERN FORESTED MOUNTAINS,4035441.6383,178711089415.0
UW.DEAL,46.741001,-123.558861,POINT (-123.558861 46.741001),1515,7.1.8,Coast Range,7.1,MARINE WEST COAST FOREST,7,MARINE WEST COAST FOREST,7.1.8  Coast Range,7.1  MARINE WEST COAST FOREST,7  MARINE WEST COAST FOREST,4695300.85742,52253838739.3
UW.DOSE,47.717201,-122.971802,POINT (-122.971802 47.717201),1515,7.1.8,Coast Range,7.1,MARINE WEST COAST FOREST,7,MARINE WEST COAST FOREST,7.1.8  Coast Range,7.1  MARINE WEST COAST FOREST,7  MARINE WEST COAST FOREST,4695300.85742,52253838739.3
UW.DOTY,46.704639,-123.369232,POINT (-123.369232 46.704639),1515,7.1.8,Coast Range,7.1,MARINE WEST COAST FOREST,7,MARINE WEST COAST FOREST,7.1.8  Coast Range,7.1  MARINE WEST COAST FOREST,7  MARINE WEST COAST FOREST,4695300.85742,52253838739.3
UW.DY2,47.985031,-119.772499,POINT (-119.772499 47.985031),60,10.1.2,Columbia Plateau,10.1,COLD DESERTS,10,NORTH AMERICAN DESERTS,10.1.2  Columbia Plateau,10.1  COLD DESERTS,10  NORTH AMERICAN DESERTS,2889543.18764,81830013715.6
UW.EDM,46.19717,-122.151207,POINT (-122.151207 46.19717),2544,6.2.7,Cascades,6.2,WESTERN CORDILLERA,6,NORTHWESTERN FORESTED MOUNTAINS,6.2.7  Cascades,6.2  WESTERN CORDILLERA,6  NORTHWESTERN FORESTED MOUNTAINS,2397516.34339,44747444404.9
UW.EPH2,47.370659,-119.611687,POINT (-119.611687 47.370659),60,10.1.2,Columbia Plateau,10.1,COLD DESERTS,10,NORTH AMERICAN DESERTS,10.1.2  Columbia Plateau,10.1  COLD DESERTS,10  NORTH AMERICAN DESERTS,2889543.18764,81830013715.6
UW.ETW,47.604549,-120.332359,POINT (-120.332359 47.604549),1145,6.2.5,North Cascades,6.2,WESTERN CORDILLERA,6,NORTHWESTERN FORESTED MOUNTAINS,6.2.5  North Cascades,6.2  WESTERN CORDILLERA,6  NORTHWESTERN FORESTED MOUNTAINS,1359680.28228,35164052009.7
UW.FISH,45.930599,-123.559097,POINT (-123.559097 45.930599),1515,7.1.8,Coast Range,7.1,MARINE WEST COAST FOREST,7,MARINE WEST COAST FOREST,7.1.8  Coast Range,7.1  MARINE WEST COAST FOREST,7  MARINE WEST COAST FOREST,4695300.85742,52253838739.3
UW.FISH2,45.927509,-123.499367,POINT (-123.499367 45.927509),1515,7.1.8,Coast Range,7.1,MARINE WEST COAST FOREST,7,MARINE WEST COAST FOREST,7.1.8  Coast Range,7.1  MARINE WEST COAST FOREST,7  MARINE WEST COAST FOREST,4695300.85742,52253838739.3
UW.FMW,46.941914,-121.671463,POINT (-121.671463 46.941914),2544,6.2.7,Cascades,6.2,WESTERN CORDILLERA,6,NORTHWESTERN FORESTED MOUNTAINS,6.2.7  Cascades,6.2  WESTERN CORDILLERA,6  NORTHWESTERN FORESTED MOUNTAINS,2397516.34339,44747444404.9
UW.FORK,47.947498,-124.5662,POINT (-124.5662 47.947498),1515,7.1.8,Coast Range,7.1,MARINE WEST COAST FOREST,7,MARINE WEST COAST FOREST,7.1.8  Coast Range,7.1  MARINE WEST COAST FOREST,7  MARINE WEST COAST FOREST,4695300.85742,52253838739.3
UW.GBB,46.608688,-119.628983,POINT (-119.628983 46.608688),60,10.1.2,Columbia Plateau,10.1,COLD DESERTS,10,NORTH AMERICAN DESERTS,10.1.2  Columbia Plateau,10.1  COLD DESERTS,10  NORTH AMERICAN DESERTS,2889543.18764,81830013715.6
UW.GOBBL,48.67466,-118.730194,POINT (-118.730194 48.67466),1141,6.2.3,Columbia Mountains/Northern Rockies,6.2,WESTERN CORDILLERA,6,NORTHWESTERN FORESTED MOUNTAINS,6.2.3  Columbia Mountains/Northern Rockies,6.2  WESTERN CORDILLERA,6  NORTHWESTERN FORESTED MOUNTAINS,4035441.6383,178711089415.0
UW.GUEM,48.546669,-122.630142,POINT (-122.630142 48.546669),1455,7.1.7,Strait of Georgia/Puget Lowland,7.1,MARINE WEST COAST FOREST,7,MARINE WEST COAST FOREST,7.1.7  Strait of Georgia/Puget Lowland,7.1  MARINE WEST COAST FOREST,7  MARINE WEST COAST FOREST,23576.0069162,21460930.9284
UW.H2O,46.39555,-119.42411,POINT (-119.42411 46.39555),60,10.1.2,Columbia Plateau,10.1,COLD DESERTS,10,NORTH AMERICAN DESERTS,10.1.2  Columbia Plateau,10.1  COLD DESERTS,10  NORTH AMERICAN DESERTS,2889543.18764,81830013715.6
UW.HANS,47.90736,-122.569412,POINT (-122.569412 47.90736),1445,7.1.7,Strait of Georgia/Puget Lowland,7.1,MARINE WEST COAST FOREST,7,MARINE WEST COAST FOREST,7.1.7  Strait of Georgia/Puget Lowland,7.1  MARINE WEST COAST FOREST,7  MARINE WEST COAST FOREST,977895.561731,2761220048.45
UW.HERD,47.22757,-123.653099,POINT (-123.653099 47.22757),1515,7.1.8,Coast Range,7.1,MARINE WEST COAST FOREST,7,MARINE WEST COAST FOREST,7.1.8  Coast Range,7.1  MARINE WEST COAST FOREST,7  MARINE WEST COAST FOREST,4695300.85742,52253838739.3
UW.HOQUI,47.08075,-123.956596,POINT (-123.956596 47.08075),1515,7.1.8,Coast Range,7.1,MARINE WEST COAST FOREST,7,MARINE WEST COAST FOREST,7.1.8  Coast Range,7.1  MARINE WEST COAST FOREST,7  MARINE WEST COAST FOREST,4695300.85742,52253838739.3
UW.HSR,46.174171,-122.180603,POINT (-122.180603 46.174171),2544,6.2.7,Cascades,6.2,WESTERN CORDILLERA,6,NORTHWESTERN FORESTED MOUNTAINS,6.2.7  Cascades,6.2  WESTERN CORDILLERA,6  NORTHWESTERN FORESTED MOUNTAINS,2397516.34339,44747444404.9
UW.INGAL,46.720871,-123.181992,POINT (-123.181992 46.720871),1515,7.1.8,Coast Range,7.1,MARINE WEST COAST FOREST,7,MARINE WEST COAST FOREST,7.1.8  Coast Range,7.1  MARINE WEST COAST FOREST,7  MARINE WEST COAST FOREST,4695300.85742,52253838739.3
UW.IRON,43.358002,-118.474297,POINT (-118.474297 43.358002),61,10.1.3,Northern Basin and Range,10.1,COLD DESERTS,10,NORTH AMERICAN DESERTS,10.1.3  Northern Basin and Range,10.1  COLD DESERTS,10  NORTH AMERICAN DESERTS,4208600.93886,141987909484.0
UW.JEDS,43.751572,-124.049049,POINT (-124.049049 43.751572),1515,7.1.8,Coast Range,7.1,MARINE WEST COAST FOREST,7,MARINE WEST COAST FOREST,7.1.8  Coast Range,7.1  MARINE WEST COAST FOREST,7  MARINE WEST COAST FOREST,4695300.85742,52253838739.3
UW.KREP,45.885201,-121.459702,POINT (-121.459702 45.885201),2545,6.2.8,Eastern Cascades Slopes and Foothills,6.2,WESTERN CORDILLERA,6,NORTHWESTERN FORESTED MOUNTAINS,6.2.8  Eastern Cascades Slopes and Foothills,6.2  WESTERN CORDILLERA,6  NORTHWESTERN FORESTED MOUNTAINS,2794959.13771,56079036225.5
UW.LBRT,47.38237,-117.324921,POINT (-117.324921 47.38237),60,10.1.2,Columbia Plateau,10.1,COLD DESERTS,10,NORTH AMERICAN DESERTS,10.1.2  Columbia Plateau,10.1  COLD DESERTS,10  NORTH AMERICAN DESERTS,2889543.18764,81830013715.6
UW.LIGO,46.461704,-119.417686,POINT (-119.417686 46.461704),60,10.1.2,Columbia Plateau,10.1,COLD DESERTS,10,NORTH AMERICAN DESERTS,10.1.2  Columbia Plateau,10.1  COLD DESERTS,10  NORTH AMERICAN DESERTS,2889543.18764,81830013715.6
UW.LOKMT,47.149632,-120.789398,POINT (-120.789398 47.149632),60,10.1.2,Columbia Plateau,10.1,COLD DESERTS,10,NORTH AMERICAN DESERTS,10.1.2  Columbia Plateau,10.1  COLD DESERTS,10  NORTH AMERICAN DESERTS,2889543.18764,81830013715.6
UW.LRIV,48.057499,-123.503998,POINT (-123.503998 48.057499),1515,7.1.8,Coast Range,7.1,MARINE WEST COAST FOREST,7,MARINE WEST COAST FOREST,7.1.8  Coast Range,7.1  MARINE WEST COAST FOREST,7  MARINE WEST COAST FOREST,4695300.85742,52253838739.3
UW.LTY,47.254509,-120.666359,POINT (-120.666359 47.254509),1145,6.2.5,North Cascades,6.2,WESTERN CORDILLERA,6,NORTHWESTERN FORESTED MOUNTAINS,6.2.5  North Cascades,6.2  WESTERN CORDILLERA,6  NORTHWESTERN FORESTED MOUNTAINS,1359680.28228,35164052009.7
UW.LUMI,48.7201,-122.706299,POINT (-122.706299 48.7201),1468,7.1.7,Strait of Georgia/Puget Lowland,7.1,MARINE WEST COAST FOREST,7,MARINE WEST COAST FOREST,7.1.7  Strait of Georgia/Puget Lowland,7.1  MARINE WEST COAST FOREST,7  MARINE WEST COAST FOREST,34637.8826101,23390062.0636
UW.MANO,46.951103,-120.724693,POINT (-120.724693 46.951103),2545,6.2.8,Eastern Cascades Slopes and Foothills,6.2,WESTERN CORDILLERA,6,NORTHWESTERN FORESTED MOUNTAINS,6.2.8  Eastern Cascades Slopes and Foothills,6.2  WESTERN CORDILLERA,6  NORTHWESTERN FORESTED MOUNTAINS,2794959.13771,56079036225.5
UW.MDW,46.613022,-119.762154,POINT (-119.762154 46.613022),60,10.1.2,Columbia Plateau,10.1,COLD DESERTS,10,NORTH AMERICAN DESERTS,10.1.2  Columbia Plateau,10.1  COLD DESERTS,10  NORTH AMERICAN DESERTS,2889543.18764,81830013715.6
UW.MONTE,47.024109,-123.575111,POINT (-123.575111 47.024109),1515,7.1.8,Coast Range,7.1,MARINE WEST COAST FOREST,7,MARINE WEST COAST FOREST,7.1.8  Coast Range,7.1  MARINE WEST COAST FOREST,7  MARINE WEST COAST FOREST,4695300.85742,52253838739.3
UW.MOODY,47.208931,-124.014183,POINT (-124.014183 47.208931),1515,7.1.8,Coast Range,7.1,MARINE WEST COAST FOREST,7,MARINE WEST COAST FOREST,7.1.8  Coast Range,7.1  MARINE WEST COAST FOREST,7  MARINE WEST COAST FOREST,4695300.85742,52253838739.3
UW.MORSE,47.689011,-122.514481,POINT (-122.514481 47.689011),1444,7.1.7,Strait of Georgia/Puget Lowland,7.1,MARINE WEST COAST FOREST,7,MARINE WEST COAST FOREST,7.1.7  Strait of Georgia/Puget Lowland,7.1  MARINE WEST COAST FOREST,7  MARINE WEST COAST FOREST,65449.1321241,75521807.6166
UW.MOX,46.577179,-120.299339,POINT (-120.299339 46.577179),60,10.1.2,Columbia Plateau,10.1,COLD DESERTS,10,NORTH AMERICAN DESERTS,10.1.2  Columbia Plateau,10.1  COLD DESERTS,10  NORTH AMERICAN DESERTS,2889543.18764,81830013715.6
UW.MULN,48.535439,-122.064407,POINT (-122.064407 48.535439),1145,6.2.5,North Cascades,6.2,WESTERN CORDILLERA,6,NORTHWESTERN FORESTED MOUNTAINS,6.2.5  North Cascades,6.2  WESTERN CORDILLERA,6  NORTHWESTERN FORESTED MOUNTAINS,1359680.28228,35164052009.7
UW.NATEM,48.105869,-122.81852,POINT (-122.81852 48.105869),1449,7.1.7,Strait of Georgia/Puget Lowland,7.1,MARINE WEST COAST FOREST,7,MARINE WEST COAST FOREST,7.1.7  Strait of Georgia/Puget Lowland,7.1  MARINE WEST COAST FOREST,7  MARINE WEST COAST FOREST,475955.425935,1411879120.92
UW.NEL,48.078018,-120.339508,POINT (-120.339508 48.078018),1145,6.2.5,North Cascades,6.2,WESTERN CORDILLERA,6,NORTHWESTERN FORESTED MOUNTAINS,6.2.5  North Cascades,6.2  WESTERN CORDILLERA,6  NORTHWESTERN FORESTED MOUNTAINS,1359680.28228,35164052009.7
UW.NEMA,46.49741,-123.749969,POINT (-123.749969 46.49741),1515,7.1.8,Coast Range,7.1,MARINE WEST COAST FOREST,7,MARINE WEST COAST FOREST,7.1.8  Coast Range,7.1  MARINE WEST COAST FOREST,7  MARINE WEST COAST FOREST,4695300.85742,52253838739.3
UW.OLQN,47.513248,-123.812523,POINT (-123.812523 47.513248),1515,7.1.8,Coast Range,7.1,MARINE WEST COAST FOREST,7,MARINE WEST COAST FOREST,7.1.8  Coast Range,7.1  MARINE WEST COAST FOREST,7  MARINE WEST COAST FOREST,4695300.85742,52253838739.3
UW.OSQM,48.043221,-123.131393,POINT (-123.131393 48.043221),1449,7.1.7,Strait of Georgia/Puget Lowland,7.1,MARINE WEST COAST FOREST,7,MARINE WEST COAST FOREST,7.1.7  Strait of Georgia/Puget Lowland,7.1  MARINE WEST COAST FOREST,7  MARINE WEST COAST FOREST,475955.425935,1411879120.92
UW.OT3,46.668861,-119.234131,POINT (-119.234131 46.668861),60,10.1.2,Columbia Plateau,10.1,COLD DESERTS,10,NORTH AMERICAN DESERTS,10.1.2  Columbia Plateau,10.1  COLD DESERTS,10  NORTH AMERICAN DESERTS,2889543.18764,81830013715.6
UW.PHIN,45.8951,-119.927803,POINT (-119.927803 45.8951),60,10.1.2,Columbia Plateau,10.1,COLD DESERTS,10,NORTH AMERICAN DESERTS,10.1.2  Columbia Plateau,10.1  COLD DESERTS,10  NORTH AMERICAN DESERTS,2889543.18764,81830013715.6
UW.PRIN,48.21172,-122.630852,POINT (-122.630852 48.21172),1452,7.1.7,Strait of Georgia/Puget Lowland,7.1,MARINE WEST COAST FOREST,7,MARINE WEST COAST FOREST,7.1.7  Strait of Georgia/Puget Lowland,7.1  MARINE WEST COAST FOREST,7  MARINE WEST COAST FOREST,238936.656657,440766145.047
UW.PRO,46.212521,-119.686813,POINT (-119.686813 46.212521),60,10.1.2,Columbia Plateau,10.1,COLD DESERTS,10,NORTH AMERICAN DESERTS,10.1.2  Columbia Plateau,10.1  COLD DESERTS,10  NORTH AMERICAN DESERTS,2889543.18764,81830013715.6
UW.RAD1,47.636131,-122.363335,POINT (-122.363335 47.636131),1492,7.1.7,Strait of Georgia/Puget Lowland,7.1,MARINE WEST COAST FOREST,7,MARINE WEST COAST FOREST,7.1.7  Strait of Georgia/Puget Lowland,7.1  MARINE WEST COAST FOREST,7  MARINE WEST COAST FOREST,2131725.94873,14361827609.9
UW.RAD2,47.631645,-122.358353,POINT (-122.358353 47.631645),1492,7.1.7,Strait of Georgia/Puget Lowland,7.1,MARINE WEST COAST FOREST,7,MARINE WEST COAST FOREST,7.1.7  Strait of Georgia/Puget Lowland,7.1  MARINE WEST COAST FOREST,7  MARINE WEST COAST FOREST,2131725.94873,14361827609.9
UW.RAD3,47.633865,-122.362602,POINT (-122.362602 47.633865),1492,7.1.7,Strait of Georgia/Puget Lowland,7.1,MARINE WEST COAST FOREST,7,MARINE WEST COAST FOREST,7.1.7  Strait of Georgia/Puget Lowland,7.1  MARINE WEST COAST FOREST,7  MARINE WEST COAST FOREST,2131725.94873,14361827609.9
UW.RAD4,47.638039,-122.354973,POINT (-122.354973 47.638039),1492,7.1.7,Strait of Georgia/Puget Lowland,7.1,MARINE WEST COAST FOREST,7,MARINE WEST COAST FOREST,7.1.7  Strait of Georgia/Puget Lowland,7.1  MARINE WEST COAST FOREST,7  MARINE WEST COAST FOREST,2131725.94873,14361827609.9
UW.RAD5,47.635693,-122.356667,POINT (-122.356667 47.635693),1492,7.1.7,Strait of Georgia/Puget Lowland,7.1,MARINE WEST COAST FOREST,7,MARINE WEST COAST FOREST,7.1.7  Strait of Georgia/Puget Lowland,7.1  MARINE WEST COAST FOREST,7  MARINE WEST COAST FOREST,2131725.94873,14361827609.9
UW.RAD6,47.633671,-122.351166,POINT (-122.351166 47.633671),1492,7.1.7,Strait of Georgia/Puget Lowland,7.1,MARINE WEST COAST FOREST,7,MARINE WEST COAST FOREST,7.1.7  Strait of Georgia/Puget Lowland,7.1  MARINE WEST COAST FOREST,7  MARINE WEST COAST FOREST,2131725.94873,14361827609.9
UW.RADR,46.42181,-123.798973,POINT (-123.798973 46.42181),1515,7.1.8,Coast Range,7.1,MARINE WEST COAST FOREST,7,MARINE WEST COAST FOREST,7.1.8  Coast Range,7.1  MARINE WEST COAST FOREST,7  MARINE WEST COAST FOREST,4695300.85742,52253838739.3
UW.RATT,47.425461,-121.802544,POINT (-121.802544 47.425461),2544,6.2.7,Cascades,6.2,WESTERN CORDILLERA,6,NORTHWESTERN FORESTED MOUNTAINS,6.2.7  Cascades,6.2  WESTERN CORDILLERA,6  NORTHWESTERN FORESTED MOUNTAINS,2397516.34339,44747444404.9
UW.RCM,46.83564,-121.732979,POINT (-121.732979 46.83564),2544,6.2.7,Cascades,6.2,WESTERN CORDILLERA,6,NORTHWESTERN FORESTED MOUNTAINS,6.2.7  Cascades,6.2  WESTERN CORDILLERA,6  NORTHWESTERN FORESTED MOUNTAINS,2397516.34339,44747444404.9
UW.RER,46.818581,-121.842499,POINT (-121.842499 46.818581),2544,6.2.7,Cascades,6.2,WESTERN CORDILLERA,6,NORTHWESTERN FORESTED MOUNTAINS,6.2.7  Cascades,6.2  WESTERN CORDILLERA,6  NORTHWESTERN FORESTED MOUNTAINS,2397516.34339,44747444404.9
UW.RVSD,47.964771,-117.356796,POINT (-117.356796 47.964771),1141,6.2.3,Columbia Mountains/Northern Rockies,6.2,WESTERN CORDILLERA,6,NORTHWESTERN FORESTED MOUNTAINS,6.2.3  Columbia Mountains/Northern Rockies,6.2  WESTERN CORDILLERA,6  NORTHWESTERN FORESTED MOUNTAINS,4035441.6383,178711089415.0
UW.SALO,47.95145,-122.3731,POINT (-122.3731 47.95145),1452,7.1.7,Strait of Georgia/Puget Lowland,7.1,MARINE WEST COAST FOREST,7,MARINE WEST COAST FOREST,7.1.7  Strait of Georgia/Puget Lowland,7.1  MARINE WEST COAST FOREST,7  MARINE WEST COAST FOREST,238936.656657,440766145.047
UW.SEAS2,46.035648,-123.895699,POINT (-123.895699 46.035648),1515,7.1.8,Coast Range,7.1,MARINE WEST COAST FOREST,7,MARINE WEST COAST FOREST,7.1.8  Coast Range,7.1  MARINE WEST COAST FOREST,7  MARINE WEST COAST FOREST,4695300.85742,52253838739.3
UW.SHW,46.193642,-122.234917,POINT (-122.234917 46.193642),2544,6.2.7,Cascades,6.2,WESTERN CORDILLERA,6,NORTHWESTERN FORESTED MOUNTAINS,6.2.7  Cascades,6.2  WESTERN CORDILLERA,6  NORTHWESTERN FORESTED MOUNTAINS,2397516.34339,44747444404.9
UW.SLF,47.760578,-120.529457,POINT (-120.529457 47.760578),1145,6.2.5,North Cascades,6.2,WESTERN CORDILLERA,6,NORTHWESTERN FORESTED MOUNTAINS,6.2.5  North Cascades,6.2  WESTERN CORDILLERA,6  NORTHWESTERN FORESTED MOUNTAINS,1359680.28228,35164052009.7
UW.SNI2,46.464802,-119.655151,POINT (-119.655151 46.464802),60,10.1.2,Columbia Plateau,10.1,COLD DESERTS,10,NORTH AMERICAN DESERTS,10.1.2  Columbia Plateau,10.1  COLD DESERTS,10  NORTH AMERICAN DESERTS,2889543.18764,81830013715.6
UW.SSO2,44.841179,-122.483437,POINT (-122.483437 44.841179),2544,6.2.7,Cascades,6.2,WESTERN CORDILLERA,6,NORTHWESTERN FORESTED MOUNTAINS,6.2.7  Cascades,6.2  WESTERN CORDILLERA,6  NORTHWESTERN FORESTED MOUNTAINS,2397516.34339,44747444404.9
UW.TBLMT,47.1731,-120.598267,POINT (-120.598267 47.1731),60,10.1.2,Columbia Plateau,10.1,COLD DESERTS,10,NORTH AMERICAN DESERTS,10.1.2  Columbia Plateau,10.1  COLD DESERTS,10  NORTH AMERICAN DESERTS,2889543.18764,81830013715.6
UW.TOLE,46.452694,-122.845398,POINT (-122.845398 46.452694),1492,7.1.7,Strait of Georgia/Puget Lowland,7.1,MARINE WEST COAST FOREST,7,MARINE WEST COAST FOREST,7.1.7  Strait of Georgia/Puget Lowland,7.1  MARINE WEST COAST FOREST,7  MARINE WEST COAST FOREST,2131725.94873,14361827609.9
UW.TOUCH,46.022839,-118.631187,POINT (-118.631187 46.022839),60,10.1.2,Columbia Plateau,10.1,COLD DESERTS,10,NORTH AMERICAN DESERTS,10.1.2  Columbia Plateau,10.1  COLD DESERTS,10  NORTH AMERICAN DESERTS,2889543.18764,81830013715.6
UW.UMAT,45.290401,-118.959503,POINT (-118.959503 45.290401),1147,6.2.9,Blue Mountains,6.2,WESTERN CORDILLERA,6,NORTHWESTERN FORESTED MOUNTAINS,6.2.9  Blue Mountains,6.2  WESTERN CORDILLERA,6  NORTHWESTERN FORESTED MOUNTAINS,2071150.30246,70756834089.5
UW.WA2,46.755192,-119.566811,POINT (-119.566811 46.755192),60,10.1.2,Columbia Plateau,10.1,COLD DESERTS,10,NORTH AMERICAN DESERTS,10.1.2  Columbia Plateau,10.1  COLD DESERTS,10  NORTH AMERICAN DESERTS,2889543.18764,81830013715.6
UW.WAT2,47.620239,-120.114433,POINT (-120.114433 47.620239),60,10.1.2,Columbia Plateau,10.1,COLD DESERTS,10,NORTH AMERICAN DESERTS,10.1.2  Columbia Plateau,10.1  COLD DESERTS,10  NORTH AMERICAN DESERTS,2889543.18764,81830013715.6
UW.WHGC,46.655991,-123.729866,POINT (-123.729866 46.655991),1515,7.1.8,Coast Range,7.1,MARINE WEST COAST FOREST,7,MARINE WEST COAST FOREST,7.1.8  Coast Range,7.1  MARINE WEST COAST FOREST,7  MARINE WEST COAST FOREST,4695300.85742,52253838739.3
UW.WOLL,47.057301,-118.920998,POINT (-118.920998 47.057301),60,10.1.2,Columbia Plateau,10.1,COLD DESERTS,10,NORTH AMERICAN DESERTS,10.1.2  Columbia Plateau,10.1  COLD DESERTS,10  NORTH AMERICAN DESERTS,2889543.18764,81830013715.6
UW.WRW,47.856651,-120.883003,POINT (-120.883003 47.856651),1145,6.2.5,North Cascades,6.2,WESTERN CORDILLERA,6,NORTHWESTERN FORESTED MOUNTAINS,6.2.5  North Cascades,6.2  WESTERN CORDILLERA,6  NORTHWESTERN FORESTED MOUNTAINS,1359680.28228,35164052009.7
UW.WYNO,47.433922,-123.612961,POINT (-123.612961 47.433922),1515,7.1.8,Coast Range,7.1,MARINE WEST COAST FOREST,7,MARINE WEST COAST FOREST,7.1.8  Coast Range,7.1  MARINE WEST COAST FOREST,7  MARINE WEST COAST FOREST,4695300.85742,52253838739.3
UW.YPT,46.048351,-118.963173,POINT (-118.963173 46.048351),60,10.1.2,Columbia Plateau,10.1,COLD DESERTS,10,NORTH AMERICAN DESERTS,10.1.2  Columbia Plateau,10.1  COLD DESERTS,10  NORTH AMERICAN DESERTS,2889543.18764,81830013715.6
